StoreID,latitude,longitude,visits,Grocery_Stores_1mile,Food_Outlets_1mile,Educational_Institutions_1mile,Residential_Housing_1mile,Commercial_Housing_1mile,Fuel_Stations_Car_Wash_1mile,Hospitals_3miles,Apparels_3miles,Tourist_Destinations_5miles,Hotels_5miles,Airports_5miles,City,State,County,Census Tract Code,Census Block Code,ACS Economics/Number of households/Total/Value,ACS Economics/Median household income/Total/Value,"ACS Economics/Household income/Less than $10,000/Value","ACS Economics/Household income/$10,000 to $14,999/Value","ACS Economics/Household income/$15,000 to $19,999/Value","ACS Economics/Household income/$20,000 to $24,999/Value","ACS Economics/Household income/$25,000 to $29,999/Value","ACS Economics/Household income/$30,000 to $34,999/Value","ACS Economics/Household income/$35,000 to $39,999/Value","ACS Economics/Household income/$40,000 to $44,999/Value","ACS Economics/Household income/$45,000 to $49,999/Value","ACS Economics/Household income/$50,000 to $59,999/Value","ACS Economics/Household income/$60,000 to $74,999/Value","ACS Economics/Household income/$75,000 to $99,999/Value","ACS Economics/Household income/$100,000 to $124,999/Value","ACS Economics/Household income/$125,000 to $149,999/Value","ACS Economics/Household income/$150,000 to $199,999/Value","ACS Economics/Household income/$200,000 or more/Value",ACS Families/Household type by household/Family households/Value,ACS Families/Household type by household/Nonfamily households/Value,ACS Demographics/Median age/Total/Value,ACS Demographics/Population by age range/Total/Value,ACS Demographics/Population by age range/Male: 5 to 9 years/Value,ACS Demographics/Population by age range/Male: 10 to 14 years/Value,ACS Demographics/Population by age range/Male: 15 to 17 years/Value,ACS Demographics/Population by age range/Male: 18 and 19 years/Value,ACS Demographics/Population by age range/Male: 20 years/Value,ACS Demographics/Population by age range/Male: 21 years/Value,ACS Demographics/Population by age range/Male: 22 to 24 years/Value,ACS Demographics/Population by age range/Male: 25 to 29 years/Value,ACS Demographics/Population by age range/Male: 30 to 34 years/Value,ACS Demographics/Population by age range/Male: 35 to 39 years/Value,ACS Demographics/Population by age range/Male: 40 to 44 years/Value,ACS Demographics/Population by age range/Male: 45 to 49 years/Value,ACS Demographics/Population by age range/Male: 50 to 54 years/Value,ACS Demographics/Population by age range/Male: 55 to 59 years/Value,ACS Demographics/Population by age range/Male: 60 and 61 years/Value,ACS Demographics/Population by age range/Male: 62 to 64 years/Value,ACS Demographics/Population by age range/Male: 65 and 66 years/Value,ACS Demographics/Population by age range/Male: 67 to 69 years/Value,ACS Demographics/Population by age range/Male: 70 to 74 years/Value,ACS Demographics/Population by age range/Male: 75 to 79 years/Value,ACS Demographics/Population by age range/Male: 80 to 84 years/Value,ACS Demographics/Population by age range/Male: 85 years and over/Value,ACS Demographics/Population by age range/Female: Under 5 years/Value,ACS Demographics/Population by age range/Female: 5 to 9 years/Value,ACS Demographics/Population by age range/Female: 10 to 14 years/Value,ACS Demographics/Population by age range/Female: 15 to 17 years/Value,ACS Demographics/Population by age range/Female: 18 and 19 years/Value,ACS Demographics/Population by age range/Female: 20 years/Value,ACS Demographics/Population by age range/Female: 21 years/Value,ACS Demographics/Population by age range/Female: 22 to 24 years/Value,ACS Demographics/Population by age range/Female: 25 to 29 years/Value,ACS Demographics/Population by age range/Female: 30 to 34 years/Value,ACS Demographics/Population by age range/Female: 35 to 39 years/Value,ACS Demographics/Population by age range/Female: 40 to 44 years/Value,ACS Demographics/Population by age range/Female: 45 to 49 years/Value,ACS Demographics/Population by age range/Female: 50 to 54 years/Value,ACS Demographics/Population by age range/Female: 55 to 59 years/Value,ACS Demographics/Population by age range/Female: 60 and 61 years/Value,ACS Demographics/Population by age range/Female: 62 to 64 years/Value,ACS Demographics/Population by age range/Female: 65 and 66 years/Value,ACS Demographics/Population by age range/Female: 67 to 69 years/Value,ACS Demographics/Population by age range/Female: 70 to 74 years/Value,ACS Demographics/Population by age range/Female: 75 to 79 years/Value,ACS Demographics/Population by age range/Female: 80 to 84 years/Value,ACS Demographics/Population by age range/Female: 85 years and over/Value
158,42.9966672,-85.59439066,51459,5,35,11,8,1,4,17,0,4,3,7,Grand Rapids,MI,Kent County,11803,3008,967,126169,52,17,33,26,41,26,0,17,18,39,27,130,43,51,85,362,674,293,41.9,2425,96,140,65,30,11,0,15,87,8,71,45,65,130,139,31,35,34,18,7,26,0,40,33,59,68,68,25,22,30,67,94,71,70,49,112,122,144,29,12,53,30,32,54,24,38
33,44.74302258,-85.64459259,50808,10,22,8,34,1,6,10,40,4,3,8,Traverse City,MI,Grand Traverse County,551400,1040,685,88087,42,53,0,0,17,39,42,16,0,0,71,132,138,38,48,49,392,293,59.7,1645,0,35,9,0,0,48,0,64,108,31,44,51,72,26,0,58,14,13,85,46,27,82,11,0,49,18,20,0,0,13,0,70,10,85,6,8,57,27,127,0,47,68,53,7,156
69,43.61459478,-84.76481226,53618,6,12,5,0,12,5,5,2,1,0,4,Mount Pleasant,MI,Isabella County,940300,3003,396,62222,14,0,38,5,22,14,9,11,18,51,62,98,4,17,10,23,232,164,33.4,993,46,19,39,0,5,0,18,66,68,35,22,76,10,28,0,8,0,5,9,11,13,4,8,48,8,5,0,0,14,4,83,41,40,41,28,4,26,5,9,22,12,18,14,4,11
216,42.96999411,-85.77911911,54147,4,26,0,33,6,6,1,1,1,1,2,Grand Rapids,MI,Kent County,11702,1016,724,91071,0,10,52,10,9,24,21,0,11,79,68,97,173,37,81,52,562,162,31.5,2357,63,158,35,33,0,12,12,53,50,71,62,108,73,77,9,78,33,7,32,31,27,9,45,125,158,142,64,47,61,54,27,55,59,80,81,31,61,26,21,38,9,25,31,9,26
56,42.25473373,-84.35960021,37206,4,5,0,0,1,2,10,3,0,0,3,Michigan Center,MI,Jackson County,6001,2009,295,51042,0,0,0,14,29,0,43,5,44,30,54,66,10,0,0,0,213,82,44.5,937,101,51,0,0,0,0,0,14,49,15,97,44,38,8,18,17,16,0,0,13,19,0,30,15,48,17,0,0,0,0,78,0,0,0,127,10,0,0,0,15,0,0,67,15,15
232,43.15651478,-86.20192006,44781,4,18,0,0,18,3,1,0,1,0,5,Muskegon,MI,Muskegon County,2800,1001,729,65729,50,0,24,11,0,40,50,50,49,52,84,172,82,37,6,22,403,326,54.8,1519,0,70,0,21,0,55,25,57,0,0,20,82,103,30,28,0,13,74,88,21,12,43,0,17,0,44,31,0,17,27,36,0,0,11,105,54,13,35,37,11,91,99,40,51,58
119,42.29867703,-85.67941605,49590,3,4,1,12,1,2,4,3,3,1,1,Kalamazoo,MI,Kalamazoo County,2908,3029,905,112250,0,0,139,20,14,0,20,31,16,0,146,34,57,67,163,198,633,272,41.3,2428,210,115,30,0,0,0,0,64,62,70,96,50,25,66,16,95,9,80,39,26,0,23,45,64,127,0,0,0,0,100,39,39,82,157,39,64,43,34,49,69,40,70,0,157,23
324,42.66846314,-84.54094176,43648,20,34,2,8,10,12,27,7,7,1,4,Lansing,MI,Ingham County,5304,1007,368,76000,7,7,24,0,22,29,16,11,10,21,21,113,49,12,15,11,212,156,36.4,1031,10,78,0,13,0,0,0,18,17,54,10,24,40,0,11,11,23,12,13,0,11,50,74,116,0,12,10,0,0,0,49,40,57,31,25,25,34,24,25,14,0,33,10,8,0
199,42.84620782,-85.6197811,42255,6,16,3,111,3,3,9,1,1,1,2,Caledonia,MI,Kent County,14809,1015,1223,76354,13,0,27,43,37,61,39,24,106,62,193,140,162,212,73,31,879,344,42.2,2978,68,87,31,31,46,10,190,169,37,52,60,52,92,41,16,55,14,55,33,82,23,59,210,62,39,56,44,10,15,99,67,20,20,127,31,276,66,17,95,24,69,209,62,0,37
108,43.66319811,-84.24318594,39915,10,22,4,3,16,8,22,3,2,2,7,Midland,MI,Midland County,291104,3018,869,80924,0,29,0,29,46,17,17,56,0,79,131,96,40,7,105,217,642,227,47.8,2229,113,92,47,20,0,0,0,74,116,47,39,87,39,111,23,20,11,15,160,16,0,85,54,83,52,54,27,0,0,0,25,60,57,69,40,37,119,14,41,170,53,44,15,12,46
251,42.02596364,-86.51614543,39272,8,12,1,0,0,7,1,0,0,0,1,Stevensville,MI,Berrien County,1400,3013,667,84792,9,12,25,32,74,80,13,11,11,29,32,166,49,38,64,22,411,256,50.3,1534,13,30,36,5,0,0,7,10,9,37,85,6,31,48,4,56,20,19,52,117,32,0,85,45,42,38,18,8,0,169,10,29,45,26,0,41,66,37,24,10,27,148,21,18,0
52,42.76296458,-84.50041347,47528,5,21,3,171,21,6,12,20,15,5,8,East Lansing,MI,Ingham County,3802,1015,1122,30932,207,0,73,208,32,171,16,101,51,116,27,28,58,34,0,0,147,975,24.9,1936,21,0,0,16,136,0,239,73,124,26,0,21,0,0,0,0,0,0,0,0,43,67,59,22,0,21,15,129,62,271,269,77,21,0,17,10,0,0,15,20,17,32,0,36,77
64,42.23935876,-83.76608804,45571,10,30,1,38,11,4,26,55,10,19,7,Ann Arbor,MI,Washtenaw County,414700,1011,1048,89286,32,21,31,7,24,21,21,43,69,70,89,157,126,37,163,137,410,638,35.2,1915,28,19,23,15,0,26,67,252,97,78,85,61,15,20,23,22,21,15,23,22,23,21,28,7,59,23,24,0,9,55,113,69,60,61,57,36,70,31,39,21,25,32,81,9,17
50,42.91602229,-85.53218501,45611,7,24,0,44,5,5,2,10,2,3,5,Grand Rapids,MI,Kent County,12201,2016,1041,90810,30,0,9,107,58,29,12,0,46,58,33,279,105,115,56,104,625,416,49.2,2178,74,48,54,5,0,0,18,25,41,108,115,53,59,199,17,22,36,20,46,94,16,23,36,96,36,51,9,0,0,6,0,22,108,131,43,81,153,86,25,15,9,38,93,15,0
25,42.71909696,-84.42469868,42797,18,40,7,61,81,5,17,4,4,3,1,Okemos,MI,Ingham County,4903,1050,1118,80000,145,36,3,0,14,57,27,48,9,74,135,160,246,7,110,47,633,485,30.9,2928,169,114,84,0,11,0,66,52,118,147,136,86,41,20,0,75,0,87,70,11,20,10,158,63,113,0,5,84,120,37,108,140,227,147,51,62,16,0,16,9,7,0,17,0,22
201,43.17450456,-85.27723347,42096,6,9,3,15,2,5,2,0,0,0,2,Greenville,MI,Montcalm County,971300,4005,870,73636,0,13,22,14,22,25,38,111,77,43,82,122,77,56,121,47,624,246,39.7,2595,45,30,51,0,0,0,82,174,46,33,46,62,53,102,27,52,14,59,70,42,74,21,131,85,42,13,59,0,51,42,58,105,174,0,89,122,85,0,35,73,11,46,65,106,22
71,43.28340485,-86.22032071,33285,3,1,0,0,1,2,4,0,7,1,3,Muskegon,MI,Muskegon County,1800,1010,833,56831,16,0,13,59,36,104,23,25,40,160,97,110,121,0,20,9,640,193,44.9,1947,73,57,31,7,0,0,74,45,51,46,50,28,0,136,25,39,38,19,87,12,10,61,48,54,102,13,34,0,0,29,22,77,45,76,81,42,105,61,9,32,49,47,51,9,23
188,42.37748816,-83.33095332,36919,9,32,2,14,61,4,15,5,7,0,4,Livonia,MI,Wayne County,558301,1028,3,0,3,0,0,0,0,0,0,0,0,0,0,0,0,0,0,0,0,3,0,3,0,0,0,0,0,0,0,0,0,0,0,0,0,0,0,0,0,0,0,0,0,0,0,0,0,0,0,0,0,0,0,0,0,0,0,3,0,0,0,0,0,0,0,0,0
268,42.44431634,-83.11923713,41264,13,11,3,6,21,9,23,11,49,2,2,Highland Park,MI,Wayne County,508000,2005,0,0,0,0,0,0,0,0,0,0,0,0,0,0,0,0,0,0,0,0,0,0,0,0,0,0,0,0,0,0,0,0,0,0,0,0,0,0,0,0,0,0,0,0,0,0,0,0,0,0,0,0,0,0,0,0,0,0,0,0,0,0,0,0,0,0,0
228,42.04792647,-87.99627523,22486,8,21,1,4,8,28,10,8,7,38,7,Rolling Meadows,IL,Cook County,805107,2008,533,72664,15,15,28,0,12,9,0,48,38,99,38,164,53,0,14,0,218,315,35.5,963,0,0,0,0,0,57,0,107,58,129,14,38,0,47,38,15,0,0,14,0,0,0,13,0,30,38,0,0,0,0,70,83,49,0,35,0,19,14,14,14,50,0,0,17,0
233,42.27884594,-83.20417661,44011,15,29,16,41,1,5,43,14,15,6,3,Allen Park,MI,Wayne County,981902,1005,0,0,0,0,0,0,0,0,0,0,0,0,0,0,0,0,0,0,0,0,0,0,0,0,0,0,0,0,0,0,0,0,0,0,0,0,0,0,0,0,0,0,0,0,0,0,0,0,0,0,0,0,0,0,0,0,0,0,0,0,0,0,0,0,0,0,0
43,43.48254906,-83.98256323,39158,16,39,1,0,5,6,11,24,1,1,3,Saginaw,MI,Saginaw County,10200,1053,518,73438,6,0,43,6,6,12,18,25,37,53,63,84,39,51,53,22,384,134,20.7,3468,25,23,36,322,123,132,126,35,16,25,34,44,57,110,17,44,0,43,35,32,8,4,10,22,23,53,860,392,189,153,32,31,25,38,46,56,69,15,33,26,26,34,25,13,0
21,42.32323958,-85.51548986,37185,6,28,1,75,0,7,2,0,3,0,6,Kalamazoo,MI,Kalamazoo County,2204,1008,438,46365,0,31,0,0,58,47,0,0,152,0,19,76,33,10,12,0,168,270,27.8,828,0,0,0,0,0,0,20,215,0,0,93,12,0,30,0,11,0,0,0,10,0,0,0,0,0,13,0,0,0,58,188,0,0,0,12,0,10,0,0,0,0,15,6,0,31
292,42.96125035,-87.98635487,33026,3,5,2,5,1,5,17,8,8,12,15,Milwaukee,WI,Milwaukee County,120400,3012,541,78438,39,0,0,32,0,14,10,30,12,1,111,127,74,21,57,13,311,230,48.4,1229,15,71,36,25,0,16,12,16,75,29,32,27,86,50,0,0,22,50,11,31,15,0,0,15,58,29,0,0,0,26,31,13,43,29,47,45,47,0,43,14,49,42,15,12,52
47,42.78116925,-86.0754052,38000,8,9,4,0,3,8,4,18,4,6,2,Holland,MI,Ottawa County,25200,4002,773,51440,25,0,31,62,83,27,2,47,45,156,19,171,46,0,59,0,469,304,25.9,1923,166,19,0,61,13,0,212,177,64,103,0,0,98,106,14,38,0,0,0,0,0,0,86,3,37,16,12,0,37,21,249,49,26,77,20,62,36,0,15,0,0,0,0,0,0
229,42.90882985,-82.49728907,39864,7,11,4,0,0,7,6,0,2,0,4,Marysville,MI,St. Clair County,637200,2001,368,76793,0,8,0,6,39,4,7,0,10,52,25,136,35,21,16,9,272,96,39.3,921,12,29,48,31,8,11,7,21,23,26,20,49,33,34,0,28,17,7,16,13,0,0,27,11,59,37,0,0,0,11,18,27,47,15,48,77,26,0,10,16,0,0,10,8,11
53,42.65311273,-83.36830099,34236,7,9,4,0,1,4,15,2,9,0,10,Waterford,MI,Oakland County,144701,1001,461,42159,71,7,11,0,45,34,53,37,56,29,0,34,72,12,0,0,133,328,45.9,697,0,0,20,0,0,0,14,16,52,32,11,74,79,55,22,27,6,4,0,0,30,4,0,10,9,14,0,0,9,16,38,7,30,0,24,9,7,24,0,7,4,27,7,0,9
176,39.73842991,-89.70178091,29505,4,10,0,18,60,2,4,13,4,13,2,Springfield,IL,Sangamon County,3603,2047,845,160689,0,0,0,0,22,51,0,0,0,0,92,72,59,84,159,306,580,265,48.6,2127,156,12,44,15,14,0,0,0,78,90,57,39,67,137,16,115,58,38,36,34,51,0,33,134,33,30,13,0,0,43,17,29,122,49,64,112,84,11,39,32,59,52,40,38,4
217,42.82889801,-86.09050629,40788,10,34,1,0,3,3,4,19,4,6,0,Holland,MI,Ottawa County,23102,4003,710,50079,0,0,0,44,38,0,157,46,68,117,90,91,18,29,12,0,341,369,31.4,1433,0,14,0,0,0,16,120,163,111,0,27,81,0,0,0,32,102,16,41,0,13,0,0,35,12,10,38,0,0,28,156,42,32,0,33,47,134,0,14,0,15,37,0,13,0
195,42.2632833,-85.17280004,43304,9,8,1,10,0,4,4,0,4,1,4,Battle Creek,MI,Calhoun County,1900,3016,233,89306,0,17,0,10,0,15,0,9,6,9,24,43,7,42,32,19,167,66,40.5,699,41,78,29,0,18,0,0,0,0,0,40,34,14,23,0,9,9,0,42,0,0,0,33,54,25,6,0,10,0,0,27,7,15,36,39,7,14,0,23,0,14,35,0,0,17
68,42.33258995,-83.40574584,33122,12,25,1,377,5,9,17,2,6,6,4,Westland,MI,Wayne County,568900,2000,503,54125,23,16,47,28,28,37,9,35,0,39,28,63,37,58,41,14,195,308,59,1132,0,0,31,0,0,0,33,37,4,14,18,38,20,74,0,29,11,20,76,12,0,15,0,32,28,11,0,0,30,20,14,19,0,35,22,79,93,8,21,27,31,38,56,45,91
27,42.23362288,-83.67649675,28907,9,16,3,49,12,5,21,15,12,19,8,Ypsilanti,MI,Washtenaw County,414500,4000,0,0,0,0,0,0,0,0,0,0,0,0,0,0,0,0,0,0,0,0,0,0,0,0,0,0,0,0,0,0,0,0,0,0,0,0,0,0,0,0,0,0,0,0,0,0,0,0,0,0,0,0,0,0,0,0,0,0,0,0,0,0,0,0,0,0,0
36,42.86370457,-85.68079292,36546,9,6,0,0,1,5,14,3,0,2,1,Wyoming,MI,Kent County,14505,2017,708,67560,15,0,78,24,33,19,21,34,85,31,116,125,50,77,0,0,474,234,41.2,1726,75,43,58,0,0,0,0,34,170,0,80,130,59,53,0,17,21,0,16,15,46,15,132,28,0,0,0,0,26,9,96,30,119,0,95,89,40,16,42,18,31,31,0,39,19
173,42.28568575,-83.84177473,36663,4,15,1,5,3,6,3,0,4,4,0,Ann Arbor,MI,Washtenaw County,455000,4000,479,140197,21,0,0,0,0,8,0,0,0,11,43,73,57,59,60,147,353,126,41,1321,22,19,13,0,19,0,22,5,21,89,48,33,36,66,24,25,66,12,30,21,0,0,116,44,66,0,18,18,0,18,19,15,74,40,31,67,64,0,49,6,24,21,36,0,13
126,40.78962014,-82.59337341,36760,9,14,8,164,19,4,14,13,4,6,8,Mansfield,OH,Richland County,2300,5023,623,56188,46,0,0,0,0,58,132,38,11,48,18,52,36,0,97,87,529,94,42.8,1709,82,50,132,0,0,0,32,66,50,62,50,55,0,112,18,8,25,71,22,29,64,12,22,0,35,0,0,0,0,0,0,100,52,115,15,0,40,19,23,67,68,87,30,10,0
213,43.25293912,-83.76539923,32446,7,22,0,0,2,6,0,48,1,1,1,Birch Run,MI,Saginaw County,13100,3007,245,59417,54,0,0,30,0,0,0,27,0,15,35,15,36,0,17,16,161,84,48.6,595,23,0,30,0,0,0,0,16,14,51,0,0,16,16,17,34,1,18,19,0,0,16,11,0,40,0,12,14,0,30,0,11,7,0,44,15,51,1,34,0,5,2,14,0,33
67,41.94488217,-83.39950366,37353,11,23,0,4,6,7,11,4,3,0,3,Monroe,MI,Monroe County,831400,4000,639,29362,131,0,54,19,140,20,27,20,0,21,0,140,19,0,31,17,329,310,32.1,1316,38,0,43,0,0,0,123,36,19,65,0,49,104,0,17,0,0,14,20,0,0,0,32,86,27,16,0,0,0,102,74,93,21,31,141,9,28,0,17,0,18,12,0,54,0
20,43.00796082,-85.69168723,33513,7,20,0,7,7,5,9,1,5,2,6,Grand Rapids,MI,Kent County,11502,1014,1023,93080,14,38,85,13,0,9,16,97,36,28,84,129,209,76,135,54,781,242,34.9,3012,82,135,127,0,27,42,61,124,87,163,179,51,99,125,7,4,52,55,38,28,28,0,187,34,72,32,2,0,10,47,64,267,101,74,7,93,121,94,25,27,0,14,66,34,9
22,42.24244151,-85.58724579,36144,8,24,5,24,4,6,7,9,4,2,6,Portage,MI,Kalamazoo County,3500,4022,736,54375,23,19,8,35,40,43,98,20,61,60,79,25,29,86,75,35,448,288,37.9,1707,39,28,17,112,13,26,25,81,12,9,56,65,30,64,44,56,0,20,18,24,0,10,27,30,37,11,71,24,18,111,60,16,71,54,91,97,29,31,36,39,18,15,8,16,25
45,41.87690541,-84.0357897,29318,9,27,2,0,2,7,5,2,0,0,4,Adrian,MI,Lenawee County,61600,2023,670,38300,66,23,11,112,49,21,70,27,42,58,93,66,32,0,0,0,312,358,32,1443,46,104,4,0,0,0,85,93,8,24,22,24,32,26,23,0,10,10,62,9,20,0,57,52,21,11,0,0,9,67,97,96,39,23,2,7,41,36,24,0,18,63,99,0,32
221,42.87970736,-85.74861374,36339,11,30,1,13,8,5,10,14,1,3,4,Grandville,MI,Kent County,13200,4020,899,67446,15,89,0,97,0,32,30,14,14,111,109,87,170,53,78,0,554,345,47.8,1858,61,49,35,22,42,0,0,48,55,65,62,45,35,47,47,30,6,14,70,0,27,30,43,17,54,18,0,0,20,0,64,52,23,33,56,43,79,0,44,5,55,191,54,61,59
170,41.52855792,-87.47407657,38565,11,17,2,0,2,5,14,5,4,12,6,Highland,IN,Lake County,40502,2013,695,81932,10,2,8,7,18,10,22,75,8,82,79,137,86,55,67,29,371,324,53.9,1401,0,9,60,0,14,0,8,27,0,47,11,51,62,52,50,51,18,35,29,44,7,10,52,29,22,21,14,11,0,0,32,40,14,37,82,30,83,11,13,28,35,61,95,21,27
208,42.23199708,-83.19630222,31750,15,19,10,52,1,13,89,19,20,6,3,Lincoln Park,MI,Wayne County,577800,3015,405,57950,20,0,22,14,10,42,32,0,50,33,45,88,25,24,0,0,270,135,37.6,1041,108,51,23,0,0,15,0,19,25,40,25,50,35,44,7,0,12,0,0,13,12,22,105,13,11,0,8,0,10,0,77,0,48,22,33,0,35,9,9,11,10,21,11,46,42
145,42.55071118,-82.96267866,37741,11,6,4,5,4,6,16,2,6,0,4,Fraser,MI,Macomb County,254100,1000,804,99583,29,8,28,0,45,17,38,30,9,47,12,140,63,106,100,132,520,284,50.6,1943,26,47,16,28,0,8,19,17,69,23,49,37,116,68,44,39,67,33,30,34,15,24,6,22,42,50,50,9,29,80,53,81,28,61,102,124,54,27,40,71,24,56,63,20,42
244,43.01482642,-83.55250666,36351,3,8,0,151,0,4,3,4,2,0,3,Davison,MI,Genesee County,11611,2000,516,43000,0,0,0,10,62,88,76,34,44,10,28,145,10,0,9,0,283,233,30.8,1232,28,27,24,11,0,0,115,47,92,0,10,0,0,48,0,0,0,0,85,38,0,0,114,0,31,15,59,0,25,24,51,19,125,41,0,22,1,38,0,97,41,0,0,0,4
44,42.94668427,-83.72865248,35607,4,10,0,0,6,4,3,4,0,0,5,Flint,MI,Genesee County,12904,1040,780,76379,0,17,13,15,25,0,27,35,33,68,141,139,122,74,43,28,574,206,54.4,1812,42,28,0,32,0,0,11,36,31,29,23,31,158,72,31,55,27,39,86,16,25,13,33,52,28,33,0,0,0,14,74,17,41,24,33,151,156,34,35,42,75,25,55,39,47
316,42.29456555,-85.23587739,36306,3,4,5,47,1,2,3,1,5,1,6,Battle Creek,MI,Calhoun County,1500,1012,497,110703,44,0,0,0,0,14,21,0,0,16,36,92,42,67,130,35,421,76,34,1617,33,0,232,16,0,0,158,65,16,71,44,21,172,42,21,0,0,22,18,1,0,0,66,63,0,25,0,0,0,0,21,70,31,15,97,126,38,0,0,21,33,21,0,14,0
196,42.18878719,-85.60324778,35387,4,3,3,26,3,3,6,8,2,1,7,Portage,MI,Kalamazoo County,2002,1013,285,84653,0,0,0,5,0,8,8,0,0,13,77,61,22,52,32,7,257,28,47.4,819,30,0,6,10,24,0,0,14,38,6,22,8,45,28,16,22,15,7,0,8,5,61,22,14,48,7,6,0,14,45,8,24,11,14,32,32,14,13,8,13,8,22,0,44,18
140,43.04105621,-83.3265686,38925,9,25,3,4,1,5,3,2,0,0,3,Lapeer,MI,Lapeer County,337000,4006,337,50268,63,19,14,0,55,6,10,0,0,31,59,60,11,0,9,0,168,169,39.3,734,7,21,0,24,0,0,19,39,37,82,10,6,46,14,19,10,16,0,0,0,0,0,37,27,0,0,7,0,8,17,48,13,12,68,16,0,31,41,9,0,0,0,7,13,0
141,40.47427602,-86.10084257,39040,10,14,2,0,9,7,4,1,1,2,8,Kokomo,IN,Howard County,1300,2010,849,68665,44,15,23,53,48,28,8,55,27,60,89,259,34,80,1,25,608,241,39.2,2050,106,11,72,65,10,5,36,32,68,117,53,28,41,87,18,2,37,40,46,104,21,26,39,25,13,136,43,12,0,67,50,46,101,27,41,56,61,16,32,65,32,79,14,49,4
123,42.19124216,-83.18477138,39309,15,40,9,55,8,10,73,25,19,5,1,Southgate,MI,Wayne County,582000,4003,479,40598,16,72,13,54,37,1,41,23,55,60,40,54,0,0,0,13,190,289,28.4,1094,41,0,14,0,0,8,87,62,67,0,10,0,24,0,0,0,39,0,0,0,13,0,57,67,53,0,0,29,57,32,133,55,0,54,0,29,14,80,0,0,12,27,0,0,13
32,42.31941532,-83.48453143,34141,16,30,3,53,3,6,15,3,1,6,3,Canton,MI,Wayne County,564200,3000,0,0,0,0,0,0,0,0,0,0,0,0,0,0,0,0,0,0,0,0,0,0,0,0,0,0,0,0,0,0,0,0,0,0,0,0,0,0,0,0,0,0,0,0,0,0,0,0,0,0,0,0,0,0,0,0,0,0,0,0,0,0,0,0,0,0,0
174,42.56552504,-84.44551874,33995,4,6,2,14,1,2,1,1,0,0,2,Mason,MI,Ingham County,6302,1027,1063,64375,91,8,56,87,10,29,28,0,94,68,144,119,144,94,76,15,623,440,44.7,2406,31,102,68,73,0,26,27,37,49,52,92,76,101,53,79,22,8,53,49,18,9,22,50,47,125,25,37,0,20,24,38,62,73,118,129,39,71,0,63,19,138,50,67,52,69
26,42.90454191,-85.79482275,30407,6,9,5,43,20,5,3,7,1,1,4,Jenison,MI,Ottawa County,21603,3001,487,66771,0,0,9,23,10,29,37,0,28,73,78,137,53,10,0,0,391,96,40.4,1212,14,43,34,31,0,0,22,37,25,45,48,31,48,32,25,36,29,0,20,32,0,0,52,38,35,8,7,7,0,13,27,44,67,40,33,77,20,45,33,17,0,36,17,0,0
172,42.59057693,-83.87680774,33624,6,15,2,18,6,5,3,2,0,2,6,Howell,MI,Livingston County,742403,3013,477,83836,32,18,0,29,12,0,18,37,0,31,46,46,29,60,101,18,309,168,30.6,1355,63,79,14,12,11,0,40,53,68,39,16,29,20,33,0,30,27,18,7,3,0,0,54,52,108,11,14,0,0,41,57,145,45,10,82,16,25,22,17,0,0,7,31,0,0
117,41.67649588,-83.71829306,35322,4,32,2,54,2,4,9,1,1,3,4,Toledo,OH,Lucas County,9206,1010,659,83321,10,13,70,27,0,40,0,18,44,15,46,154,69,0,99,54,444,215,41.4,1762,96,25,26,0,0,0,38,30,120,55,41,166,0,64,33,31,45,0,32,40,5,22,37,35,151,0,14,0,0,15,39,20,66,58,125,18,46,19,17,40,0,82,28,9,13
231,42.50014987,-83.28234832,32541,3,15,0,140,13,3,6,4,7,1,6,Southfield,MI,Oakland County,160800,3000,352,0,0,32,0,0,0,15,66,0,0,65,0,43,11,0,3,117,131,221,31.2,770,0,0,0,0,0,10,0,40,130,0,0,0,0,0,11,0,0,0,0,0,0,0,0,0,0,0,0,0,10,32,237,151,0,0,65,32,0,0,8,35,9,0,0,0,0
306,42.4802319,-82.98892635,37327,13,6,3,14,2,9,21,7,11,0,5,Warren,MI,Macomb County,262700,2001,786,71100,0,29,4,83,0,46,13,58,0,72,147,52,44,110,86,42,532,254,38.5,2060,42,114,111,50,4,0,0,4,113,18,55,89,47,63,13,31,9,80,32,0,4,0,84,21,74,49,34,44,0,66,16,121,42,51,195,52,24,18,12,40,61,20,12,0,107
266,41.55285106,-87.18101759,31343,7,12,0,0,1,4,3,0,4,7,3,Portage,IN,Porter County,50506,2010,690,91844,54,0,12,0,44,22,0,0,83,5,30,121,72,224,20,3,488,202,33.8,1882,67,97,0,0,0,0,30,71,98,62,9,0,70,97,38,3,0,29,15,73,0,0,75,59,27,48,68,104,0,45,133,22,141,30,112,49,19,31,15,0,10,10,70,12,34
159,39.30534399,-84.52719651,31078,8,25,1,835,4,7,10,2,5,0,7,Fairfield,OH,Butler County,10907,1010,878,63750,10,0,35,21,130,93,59,43,7,32,54,88,54,15,143,94,537,341,38.2,2239,0,100,31,50,16,0,13,54,172,145,66,28,131,70,21,11,28,19,23,48,7,27,122,12,93,16,80,19,0,19,37,93,23,133,103,24,68,0,28,12,85,60,10,22,42
116,41.61896444,-83.48239749,35154,2,15,2,0,5,5,7,0,1,2,11,Oregon,OH,Lucas County,10100,4005,404,29318,20,31,17,37,115,56,48,18,17,19,0,19,7,0,0,0,80,324,44.9,687,0,17,0,14,35,26,54,0,47,28,17,0,11,28,29,7,29,16,0,17,0,7,0,0,23,0,0,0,6,15,10,17,37,0,12,13,19,9,15,7,46,28,0,21,27
139,40.22114226,-85.45892992,37388,5,2,0,78,6,4,5,1,5,0,8,Muncie,IN,Delaware County,2502,2021,624,50694,34,57,15,17,67,0,0,95,12,98,51,57,40,11,16,54,403,221,49.3,1669,89,24,41,0,0,0,44,14,0,44,0,68,41,55,32,30,4,28,30,85,29,19,91,104,23,37,0,0,0,79,88,0,25,0,50,63,32,48,0,11,7,58,36,26,145
48,43.62126067,-83.93410214,32208,4,6,1,0,1,2,5,2,0,0,1,Bay City,MI,Bay County,285800,5001,383,124205,0,12,0,0,48,0,0,0,13,35,47,29,11,128,40,20,292,91,40.7,1138,0,0,0,37,46,0,114,66,0,1,74,68,52,11,47,13,0,0,12,6,12,29,57,0,9,6,0,0,88,0,31,0,0,92,34,90,35,8,26,0,0,25,13,0,13
321,41.35651922,-81.68228138,0,8,18,1,0,0,6,5,0,2,4,6,Seven Hills,OH,Cuyahoga County,182106,2001,415,75150,36,0,7,29,10,0,0,9,8,51,56,70,38,46,39,16,273,142,59.4,929,8,10,0,0,10,0,0,19,59,26,19,0,38,27,44,10,0,17,38,10,19,28,8,0,68,20,0,0,0,9,19,41,7,9,10,33,47,17,71,8,8,22,39,35,76
284,42.56384538,-87.88524427,32299,5,16,1,0,2,3,10,1,6,10,6,Kenosha,WI,Kenosha County,2500,1007,887,84896,154,27,7,0,22,0,17,9,41,48,51,198,99,53,54,107,500,387,48,1903,14,86,7,34,21,0,50,88,49,56,31,21,85,64,9,70,21,12,27,7,0,9,29,56,71,46,0,0,0,42,88,29,51,71,43,115,238,53,65,58,37,10,10,16,14
35,42.2004387,-83.26154501,31082,18,37,6,125,1,9,31,28,7,6,16,Taylor,MI,Wayne County,584501,2012,584,68000,14,24,28,19,21,28,64,21,36,19,26,160,48,43,33,0,420,164,33.9,1536,75,76,39,47,0,0,0,59,95,30,11,5,68,81,0,55,16,16,10,27,18,27,53,9,31,39,0,0,39,78,24,52,25,36,62,8,81,29,10,0,13,8,33,36,34
70,42.14411383,-83.23008222,32868,17,48,1,68,4,9,25,9,6,5,9,Woodhaven,MI,Wayne County,982102,1002,0,0,0,0,0,0,0,0,0,0,0,0,0,0,0,0,0,0,0,0,0,0,0,0,0,0,0,0,0,0,0,0,0,0,0,0,0,0,0,0,0,0,0,0,0,0,0,0,0,0,0,0,0,0,0,0,0,0,0,0,0,0,0,0,0,0,0
185,42.70567306,-83.28715872,39373,11,13,0,0,1,8,8,8,4,2,2,Auburn Hills,MI,Oakland County,140500,4000,0,0,0,0,0,0,0,0,0,0,0,0,0,0,0,0,0,0,0,0,0,0,0,0,0,0,0,0,0,0,0,0,0,0,0,0,0,0,0,0,0,0,0,0,0,0,0,0,0,0,0,0,0,0,0,0,0,0,0,0,0,0,0,0,0,0,0
175,41.93403729,-85.65504627,27090,7,10,2,11,13,6,2,0,0,0,3,Three Rivers,MI,St. Joseph County,41102,3014,284,69500,0,16,5,14,3,9,5,23,51,12,11,58,49,17,0,11,173,111,37.5,788,0,80,13,28,0,7,0,52,18,16,28,17,23,25,0,8,39,8,31,8,0,0,0,14,0,57,5,0,10,39,30,0,56,27,0,14,14,14,28,7,16,9,10,9,13
180,43.03927805,-86.21685178,32063,7,14,1,2,1,5,3,0,2,0,4,Grand Haven,MI,Ottawa County,21204,3011,436,59321,0,0,0,69,0,0,0,15,0,153,24,110,46,0,19,0,171,265,30.9,779,0,0,0,0,0,0,128,36,51,0,9,0,100,0,0,0,0,0,3,0,5,0,35,0,0,0,0,51,0,81,31,48,14,0,17,13,0,15,68,0,0,54,5,0,15
146,40.14510892,-88.26078535,36004,15,34,1,52,9,9,21,14,4,5,5,Champaign,IL,Champaign County,800,3006,556,77578,0,22,0,17,15,0,0,0,0,106,117,93,79,45,26,36,194,362,32.5,1334,14,14,80,0,0,30,0,38,198,50,100,118,0,0,0,19,34,18,18,0,17,0,87,0,0,9,87,0,0,23,41,47,34,59,23,0,15,0,0,17,0,70,16,0,0
171,44.2839134,-85.40478726,32013,8,14,0,0,1,8,5,1,1,0,2,Cadillac,MI,Wexford County,380500,1015,649,51365,16,15,0,16,79,93,14,22,28,97,88,104,23,29,25,0,529,120,38.7,1899,86,54,0,47,0,0,80,16,68,101,126,14,7,104,29,29,19,76,0,51,0,26,41,61,176,35,96,0,22,0,12,17,113,48,30,0,82,68,34,16,20,28,16,32,19
134,39.66352347,-86.07739667,36182,6,7,0,16,24,3,8,0,1,2,6,Indianapolis,IN,Marion County,390405,2000,349,57361,0,8,7,37,18,14,54,0,10,27,36,0,28,0,110,0,260,89,41.6,950,0,15,0,0,0,0,0,0,75,60,34,0,14,9,0,19,11,0,37,70,0,20,36,0,17,0,0,0,0,0,8,106,31,36,0,16,0,9,0,18,9,89,48,20,71
222,42.52302559,-83.09738035,33525,22,26,5,80,4,11,22,5,46,14,4,Madison Heights,MI,Oakland County,181001,5000,219,53092,21,0,38,0,0,0,0,23,23,42,22,40,0,0,10,0,32,187,57.6,411,0,0,0,0,0,0,0,0,23,0,29,0,0,4,4,3,0,4,13,5,8,0,0,9,18,0,0,0,0,45,18,0,0,10,23,0,43,0,3,0,0,90,11,12,36
34,42.53913595,-83.18177121,33612,15,25,4,270,14,7,29,101,44,16,3,Royal Oak,MI,Oakland County,183000,3000,0,0,0,0,0,0,0,0,0,0,0,0,0,0,0,0,0,0,0,0,0,0,0,0,0,0,0,0,0,0,0,0,0,0,0,0,0,0,0,0,0,0,0,0,0,0,0,0,0,0,0,0,0,0,0,0,0,0,0,0,0,0,0,0,0,0,0
149,41.67518188,-86.88986771,32015,18,37,2,32,3,13,11,47,28,8,3,Michigan City,IN,Laporte County,41400,2006,563,33019,16,91,50,38,67,94,78,30,0,20,31,40,0,0,8,0,208,355,25.1,1163,12,13,0,14,11,0,0,22,11,0,0,0,26,16,7,0,62,0,20,43,0,22,72,78,34,0,8,71,0,98,104,56,40,0,28,24,55,8,35,0,7,0,0,0,0
110,40.77149489,-84.16157665,35039,4,4,24,0,1,0,2,1,2,0,4,Lima,OH,Allen County,11000,4003,734,42244,71,63,51,93,40,0,14,39,53,75,36,27,51,56,65,0,427,307,54.4,1373,0,0,7,56,0,0,18,19,44,12,92,0,50,76,21,56,47,25,45,18,8,5,38,17,23,9,0,0,24,18,46,26,64,51,20,42,36,14,91,23,10,72,61,46,30
165,41.46773333,-87.34556495,40448,5,14,1,0,1,4,8,4,2,7,6,Merrillville,IN,Lake County,42509,2002,620,64923,16,15,51,0,35,0,44,17,0,69,154,104,90,12,13,0,354,266,39.2,1586,0,79,0,0,0,18,58,3,0,101,98,0,49,10,27,17,0,0,60,19,0,0,0,114,34,105,60,43,44,17,12,0,59,64,44,35,61,36,22,77,0,36,101,0,0
121,41.70658627,-86.18558266,38938,18,50,2,5,8,8,22,11,4,14,5,Mishawaka,IN,St. Joseph County,11505,1020,328,103125,9,0,9,14,18,0,9,0,0,0,22,68,59,37,43,40,301,27,39.3,992,62,15,61,13,0,8,0,24,13,43,33,9,23,41,21,40,0,14,27,9,0,8,31,45,45,7,34,0,0,0,41,24,48,25,0,35,70,30,0,23,18,0,9,9,8
118,41.72044168,-83.51057651,30613,4,7,1,8,0,6,4,2,0,3,6,Toledo,OH,Lucas County,5602,1017,325,45513,0,20,0,0,60,51,20,0,56,30,16,7,0,65,0,0,207,118,48.7,638,0,0,0,0,0,0,0,0,60,0,0,0,121,0,0,31,0,19,0,0,0,22,35,20,0,0,8,0,0,64,0,34,8,0,100,0,0,0,17,40,0,16,18,25,0
66,39.94281484,-83.83017692,30421,10,5,1,0,2,4,8,0,1,1,4,Springfield,OH,Clark County,1900,1018,484,44767,31,35,52,34,0,39,12,43,39,57,24,45,47,0,26,0,243,241,30,1267,45,16,33,21,12,0,0,17,64,24,32,0,8,61,13,49,8,15,15,3,0,18,48,148,24,38,7,0,0,86,60,26,66,7,0,41,16,6,44,39,7,19,17,25,14
210,42.73816531,-84.74158761,30794,6,11,0,19,9,7,5,1,1,5,2,Grand Ledge,MI,Eaton County,20404,1005,742,45948,41,70,42,73,37,0,51,10,167,27,50,41,27,34,21,51,391,351,62.9,1320,26,23,6,0,16,0,0,41,18,32,22,45,54,25,12,17,45,12,17,43,40,123,8,7,6,12,0,0,0,10,0,23,27,0,26,80,73,37,46,19,32,124,35,19,102
42,43.41824631,-84.07955353,34356,4,12,5,1,0,3,0,1,0,0,0,Saginaw,MI,Saginaw County,12003,1001,760,84808,20,15,49,52,47,30,17,0,43,10,32,258,56,49,0,82,425,335,46.5,1780,25,29,0,0,0,0,0,26,20,95,13,152,10,26,0,66,20,20,0,131,11,0,48,72,70,10,0,64,11,23,34,20,74,172,10,23,53,0,96,0,0,52,136,31,115
311,42.91082469,-85.6291721,31659,5,1,3,0,1,2,9,15,2,6,9,Grand Rapids,MI,Kent County,4600,1000,916,44728,51,18,86,0,37,99,71,101,97,53,18,103,96,86,0,0,618,298,35.6,2637,0,37,73,25,0,0,0,142,133,25,177,0,46,108,1,77,3,37,0,0,0,11,289,37,137,5,75,0,0,108,69,32,152,98,7,119,43,102,46,0,56,199,0,20,59
106,39.85796714,-84.27510735,32004,4,9,0,1,0,5,2,0,2,5,7,Englewood,OH,Montgomery County,120102,1001,565,93036,6,0,7,8,15,14,29,20,18,37,37,97,25,85,52,115,427,138,43.8,1552,92,45,31,19,0,0,23,43,45,31,27,38,105,22,24,14,40,12,22,19,21,27,101,39,30,10,21,0,0,13,31,63,45,42,27,51,99,35,38,6,8,78,23,16,34
309,41.67498289,-81.30949983,30856,6,24,0,3,1,4,12,24,6,0,6,Mentor,OH,Lake County,203500,4004,1070,95565,0,0,0,0,33,0,12,104,120,53,104,148,130,143,105,118,902,168,48.5,2790,58,50,90,0,20,0,27,25,173,24,88,155,74,98,0,51,86,29,43,12,12,203,163,40,80,16,0,0,0,0,83,77,34,73,42,129,113,24,40,79,12,64,12,179,60
265,41.72463607,-87.68551938,19832,20,28,10,6,7,9,28,5,5,20,4,Evergreen Park,IL,Cook County,821600,3034,997,74455,78,73,8,33,81,0,40,0,0,76,140,105,113,121,114,15,615,382,33.1,2358,83,34,97,69,132,0,27,25,119,20,66,41,64,97,100,0,0,16,27,34,12,26,0,70,189,11,40,0,0,32,117,98,76,42,101,116,161,29,8,20,0,30,39,16,17
54,42.435589,-83.43730603,29137,8,33,3,297,10,5,19,1,14,9,4,Northville,MI,Wayne County,560202,1002,469,126950,0,0,0,0,0,0,0,0,0,0,44,0,47,184,54,140,230,239,58.1,1398,64,48,41,16,0,0,20,15,0,13,23,22,47,39,239,23,74,30,1,0,0,2,27,44,0,45,15,0,0,26,0,0,37,0,70,38,80,184,41,33,0,0,0,41,0
137,40.41485324,-86.81263453,34581,6,18,1,32,9,7,12,5,2,16,3,Lafayette,IN,Tippecanoe County,10800,1021,1027,46528,56,68,65,54,24,83,63,62,63,89,47,137,92,62,12,50,386,641,51.1,1773,42,15,0,46,0,0,131,110,33,23,27,29,37,109,0,31,12,60,46,6,35,31,9,49,58,15,2,15,0,29,27,44,42,41,45,39,54,91,53,8,85,75,42,30,72
248,43.21716682,-85.57921385,28854,5,12,0,0,1,3,1,0,0,0,2,Cedar Springs,MI,Kent County,10302,3041,1025,91875,15,19,39,15,28,0,89,36,79,12,130,109,125,158,148,23,738,287,37.4,2622,35,58,33,59,12,11,41,47,52,180,95,87,35,148,0,61,0,19,70,28,0,0,111,55,46,0,42,50,0,78,0,156,80,77,124,151,52,38,30,9,90,61,0,20,15
269,40.18762102,-87.62628859,34860,4,9,0,0,0,1,0,0,1,0,4,Danville,IL,Vermilion County,1200,1019,684,38289,146,17,61,37,27,42,38,23,21,43,120,30,9,34,23,13,232,452,63.1,1060,0,0,3,0,5,0,18,13,9,9,34,4,60,24,16,67,25,26,62,55,0,25,28,26,26,27,17,0,0,0,0,0,51,94,7,16,24,8,16,27,9,88,110,0,31
181,40.15061267,-82.92538021,34761,4,22,0,17,7,3,7,6,1,13,3,Westerville,OH,Delaware County,11762,1009,565,112135,0,0,0,38,0,0,24,13,0,26,13,115,100,54,100,82,469,96,28.5,1922,213,56,26,101,0,14,14,38,43,113,50,14,121,19,0,0,0,55,27,14,13,0,14,30,187,14,0,110,14,0,14,60,88,28,120,13,32,25,64,0,12,12,0,13,17
315,43.82590749,-83.00502043,13939,5,9,0,0,1,6,1,2,2,0,4,Bad Axe,MI,Huron County,951000,1005,471,40208,31,35,81,38,12,18,20,10,44,27,46,49,52,5,3,0,256,215,51,1168,17,25,23,24,5,0,28,15,8,32,46,27,46,46,11,29,19,18,17,5,9,34,8,31,28,18,13,0,22,21,17,42,38,24,37,55,37,3,33,34,21,37,20,24,87
312,43.03387798,-85.62811146,31279,7,21,2,1,1,8,10,2,4,2,3,Grand Rapids,MI,Kent County,11200,3002,885,55911,21,27,74,74,29,12,55,23,80,85,111,122,52,69,51,0,419,466,37.8,1930,49,0,67,28,32,17,7,68,98,131,18,13,106,44,47,13,42,27,9,15,9,8,33,51,61,12,6,6,0,60,165,25,53,21,96,115,78,45,52,64,30,11,19,34,9
203,43.69088312,-85.51696478,34922,6,4,1,16,0,4,4,0,2,1,4,Big Rapids,MI,Mecosta County,960702,2018,477,62974,0,0,0,55,67,56,21,34,0,0,59,74,13,56,14,28,321,156,46.1,1150,58,51,0,0,12,0,0,50,67,0,46,69,22,16,85,0,0,17,26,13,0,15,22,31,14,29,0,0,0,22,14,0,29,126,41,52,74,15,25,0,21,55,15,0,18
155,39.86822996,-84.88536053,31771,3,7,8,0,0,3,2,2,1,1,1,Richmond,IN,Wayne County,400,1035,1052,53929,22,27,141,18,65,28,78,88,38,50,102,133,168,19,36,39,729,323,44.7,2470,70,32,20,113,0,22,40,35,50,47,51,29,64,80,57,35,21,43,158,63,0,0,99,68,36,2,96,71,26,43,51,103,30,46,31,27,108,60,48,24,15,174,62,35,87
115,41.57936999,-83.66690133,32061,5,24,1,0,4,9,4,7,4,7,4,Maumee,OH,Lucas County,7104,2004,490,96250,0,11,7,0,95,11,43,0,0,35,17,36,142,24,65,4,234,256,53.4,1040,0,38,0,0,0,7,23,12,0,57,0,26,14,83,8,0,0,13,23,32,50,0,20,43,62,73,3,0,0,9,64,0,19,59,0,3,14,8,128,0,6,34,19,69,21
296,39.88538679,-85.93536867,32182,1,1,0,6,1,1,2,0,1,0,4,McCordsville,IN,Hancock County,410201,3035,1129,85250,0,0,0,0,0,106,38,0,41,42,292,228,136,44,75,127,784,345,45,2647,28,30,13,0,0,0,0,18,146,111,106,99,92,53,24,43,175,22,192,25,20,0,144,64,93,0,117,0,0,0,0,191,69,69,169,63,204,0,40,14,22,68,0,0,0
65,42.62999451,-82.9765643,30911,13,41,4,87,1,7,20,11,4,2,3,Shelby Township,MI,Macomb County,227300,2002,668,31635,21,22,26,98,99,104,10,17,46,48,48,7,92,10,0,20,192,476,71.6,907,9,0,11,0,0,0,0,10,26,8,29,0,10,24,0,21,19,10,10,25,44,73,0,0,27,0,0,0,0,12,0,8,11,10,10,25,0,36,0,24,82,65,58,152,50
230,40.0353005,-85.99136509,32768,13,21,0,6,0,11,11,2,2,0,9,Noblesville,IN,Hamilton County,110513,3030,1723,144511,42,15,53,0,22,0,172,26,11,94,68,65,120,209,216,610,1351,372,40.1,4681,128,66,229,69,24,0,0,0,184,207,168,256,173,60,47,39,30,103,68,84,13,0,263,113,168,138,0,56,0,93,69,171,138,250,177,229,103,22,92,152,25,130,54,15,68
302,46.5531495,-87.47197682,33863,8,15,1,8,9,3,8,2,7,2,2,Marquette,MI,Marquette County,2901,2054,510,75893,17,0,0,18,43,17,39,9,33,36,38,64,31,11,92,62,337,173,38,1508,61,100,31,37,0,0,37,0,25,146,38,0,57,42,13,8,0,20,19,10,19,0,75,58,88,29,0,0,0,0,18,73,81,0,89,0,72,14,31,0,28,11,21,47,59
104,39.98401329,-83.15432202,30215,14,39,1,205,26,9,11,5,4,5,3,Hilliard,OH,Franklin County,7966,2017,1448,67045,64,39,24,55,151,43,37,18,58,120,141,274,107,136,30,151,994,454,28.6,4066,149,260,105,33,0,0,71,124,112,89,102,140,136,64,62,13,0,26,15,10,0,0,74,132,192,172,42,45,34,106,273,198,257,158,241,63,58,46,14,27,49,36,0,0,0
138,41.13377236,-85.01267927,35076,5,14,0,0,9,3,5,0,3,0,2,Fort Wayne,IN,Allen County,10808,3003,404,77083,38,7,0,7,14,7,0,6,37,21,55,118,41,8,14,31,237,167,40.7,846,24,0,0,0,0,7,0,101,30,18,0,25,9,17,16,26,22,20,32,37,6,6,10,0,7,9,28,7,19,32,35,31,22,10,17,14,8,9,37,31,19,37,26,0,6
191,42.45226193,-85.66022865,31888,10,15,0,17,5,9,3,0,1,0,3,Plainwell,MI,Allegan County,32000,3004,495,56875,49,19,15,51,9,51,0,31,0,25,19,127,40,59,0,0,396,99,35.5,1337,23,94,0,0,49,0,22,53,0,94,54,0,0,35,0,49,9,0,29,9,11,0,0,0,140,0,45,65,15,35,10,72,60,163,15,19,57,13,21,10,0,21,30,0,0
120,41.72635176,-86.28571362,28768,2,6,2,1,1,4,6,2,3,11,10,South Bend,IN,St. Joseph County,11002,3019,1413,58661,0,0,48,79,195,71,68,17,160,76,131,190,141,101,136,0,639,774,38.1,2610,124,26,46,0,0,46,210,131,102,72,25,165,70,24,56,38,44,24,30,55,75,8,73,59,59,32,0,0,0,0,88,174,71,18,154,24,152,119,26,109,9,20,9,8,0
270,43.39830115,-84.66244093,34160,9,14,2,0,0,6,3,0,1,0,1,Alma,MI,Gratiot County,500,1006,537,37150,105,47,23,18,36,18,25,49,84,69,23,16,24,0,0,0,237,300,53.6,1015,41,0,0,0,0,0,0,77,23,0,32,0,25,29,48,6,0,59,0,18,0,0,19,24,0,56,0,0,0,0,74,37,0,0,31,44,6,49,121,0,19,69,20,0,35
297,41.472435,-87.01869004,34690,7,23,0,14,4,5,13,4,5,3,2,Valparaiso,IN,Porter County,51009,2035,871,73029,155,0,0,0,25,22,0,33,0,136,85,150,148,58,35,24,471,400,34.9,1893,76,74,73,30,0,119,21,61,89,163,51,66,16,40,20,6,26,26,0,51,0,23,26,93,6,0,13,0,0,0,93,119,0,92,47,31,60,21,0,82,25,11,72,12,0
102,39.68544956,-84.13258156,32282,4,15,3,41,11,2,14,39,5,0,4,Dayton,OH,Montgomery County,21601,2002,434,68500,15,6,0,0,18,32,11,0,18,74,68,90,45,28,12,17,322,112,36.6,1103,23,24,37,4,0,0,4,54,65,50,0,13,54,23,42,15,15,6,16,5,0,17,42,12,16,24,0,7,0,38,58,62,30,32,34,26,76,0,28,13,17,29,6,13,12
254,42.84274961,-85.86413777,29153,8,9,0,0,0,10,0,0,2,0,5,Hudsonville,MI,Ottawa County,23001,2026,866,105000,0,0,0,0,18,23,28,34,35,60,147,75,114,44,223,65,660,206,30.8,2599,120,96,17,35,32,0,45,114,66,213,50,89,65,30,14,87,25,0,0,0,68,0,101,198,68,45,25,0,0,47,151,121,158,47,19,25,27,44,62,0,30,21,63,18,0
301,41.15891845,-87.8473378,33051,6,23,1,1,7,4,15,0,1,2,5,Bradley,IL,Kankakee County,10702,1007,1036,45500,37,82,36,68,51,80,86,73,35,141,65,84,123,75,0,0,527,509,33.7,2410,221,96,44,0,0,0,106,53,91,152,0,89,64,61,0,19,19,16,0,19,121,19,150,84,88,0,0,0,22,41,14,184,84,97,35,27,0,5,21,44,62,21,97,19,53
19,43.19287695,-86.26128199,33029,14,29,3,16,19,8,7,1,5,1,6,Norton Shores,MI,Muskegon County,2400,1008,519,52847,13,29,7,33,37,27,70,26,9,73,58,66,10,41,10,10,304,215,32.7,1295,38,27,5,15,0,0,21,51,132,10,13,33,69,9,25,7,0,16,10,3,21,0,130,56,46,7,7,0,0,8,97,113,34,10,43,33,49,12,34,24,17,11,21,13,25
128,41.62777553,-86.17230762,31449,3,3,0,42,1,3,7,2,5,2,0,Mishawaka,IN,St. Joseph County,11704,2015,1049,55134,39,36,113,49,78,48,63,46,32,114,218,82,89,16,8,18,337,712,29.4,1926,50,76,8,44,23,0,59,248,139,31,111,18,49,18,79,18,0,10,37,34,0,14,97,0,99,0,15,18,0,112,98,22,64,53,0,64,0,0,59,22,0,14,14,28,12
260,42.6434586,-83.20602459,23192,4,8,10,4,2,3,5,15,6,3,5,Rochester,MI,Oakland County,194500,2001,0,0,0,0,0,0,0,0,0,0,0,0,0,0,0,0,0,0,0,0,0,0,0,0,0,0,0,0,0,0,0,0,0,0,0,0,0,0,0,0,0,0,0,0,0,0,0,0,0,0,0,0,0,0,0,0,0,0,0,0,0,0,0,0,0,0,0
23,42.73906827,-84.62387577,32024,13,49,8,146,37,7,13,10,13,8,7,Lansing,MI,Eaton County,20102,1000,838,43247,9,34,50,105,46,50,82,111,0,83,86,69,106,0,7,0,178,660,29.2,1455,20,0,40,35,0,44,124,115,99,33,29,0,59,58,0,7,0,29,0,0,0,9,25,0,53,0,16,119,0,89,75,48,48,0,30,26,58,24,19,10,22,11,6,21,9
57,42.6340698,-83.12868664,31979,11,23,1,48,0,6,10,1,5,0,3,Rochester Hills,MI,Oakland County,193700,4000,470,69583,16,25,22,24,39,0,0,0,33,32,51,62,50,16,31,69,273,197,44.9,1133,27,56,21,27,0,27,36,0,17,4,55,51,25,56,13,15,0,38,7,0,0,27,7,25,59,44,19,0,18,9,19,6,32,61,59,34,35,41,15,0,27,13,24,22,62
259,42.96824312,-83.82682982,28676,5,7,1,0,22,5,1,4,0,0,3,Swartz Creek,MI,Genesee County,12702,1020,758,59338,105,55,0,37,25,19,41,17,32,57,147,99,10,28,31,55,509,249,43.2,1783,29,69,63,41,0,0,53,13,121,10,90,44,30,18,0,71,0,33,0,41,17,52,60,27,25,97,69,0,0,6,24,45,57,11,86,50,18,79,73,0,34,54,76,30,41
124,41.13786323,-85.16597617,33209,5,22,0,1,58,9,3,3,34,22,15,Fort Wayne,IN,Allen County,10604,2012,515,39542,10,18,37,53,104,1,40,54,35,105,21,20,9,0,0,8,261,254,25.6,1508,49,73,25,0,9,27,92,133,77,26,9,0,9,51,0,10,0,32,28,0,0,0,95,37,41,48,24,58,0,25,102,37,54,28,26,27,0,0,19,10,7,38,35,8,9
281,42.36828081,-89.01144049,34605,6,12,0,0,10,2,6,0,2,1,2,Machesney Park,IL,Winnebago County,3805,2028,1170,81413,51,10,38,22,0,53,39,0,67,200,79,141,133,114,152,71,997,173,41.5,3469,177,132,51,0,0,21,83,42,66,69,117,195,53,257,28,60,9,11,46,43,32,9,74,121,64,149,90,79,0,0,93,84,143,97,223,79,160,52,0,28,85,87,54,62,23
127,41.62485797,-85.90991276,30717,8,14,0,0,3,1,0,2,2,1,2,Elkhart,IN,Elkhart County,2001,2010,828,50667,0,11,0,185,36,64,27,59,28,15,166,43,45,0,82,67,544,284,72.1,1546,9,0,45,0,0,0,0,37,0,0,0,0,48,102,21,50,0,34,150,197,15,108,10,0,0,0,0,0,0,0,10,0,0,0,0,99,61,19,18,59,61,98,58,78,159
179,41.93761495,-84.95942217,30218,7,2,0,0,1,3,3,0,0,0,5,Coldwater,MI,Branch County,951301,1029,538,62813,21,0,12,119,3,28,7,24,20,26,35,93,54,32,16,48,324,214,41.2,1219,13,29,8,0,0,33,0,25,100,31,34,32,28,134,12,37,11,17,25,12,6,28,52,0,33,23,5,0,0,43,19,57,67,10,33,29,20,39,30,7,26,7,15,15,8
205,42.93324508,-85.37447143,27374,4,3,0,0,0,4,1,0,1,0,4,Lowell,MI,Kent County,12003,4001,844,87891,69,0,0,21,58,8,49,26,18,18,74,230,207,34,14,18,605,239,34.5,2287,48,94,43,58,41,16,111,98,56,133,108,78,50,64,65,0,0,24,0,0,18,58,83,23,109,16,72,31,38,62,123,32,86,147,57,44,40,29,16,0,62,26,0,18,0
153,40.52152834,-85.67720935,31735,4,4,16,0,0,3,1,0,0,0,3,Marion,IN,Grant County,10200,1037,573,60757,47,0,6,32,38,39,7,26,32,48,60,78,131,22,7,0,449,124,35.6,1508,31,22,61,0,0,0,7,0,114,53,13,10,0,84,0,27,26,43,11,50,39,19,167,22,45,12,6,0,0,3,22,111,31,21,65,27,29,27,34,19,11,45,61,18,8
197,42.84021494,-83.27073324,27614,2,2,2,0,0,1,2,0,0,0,4,Oxford,MI,Oakland County,121000,4005,334,140333,7,5,0,0,7,0,0,30,0,0,9,36,19,159,42,20,184,150,37.4,812,36,12,0,10,0,0,44,0,40,25,13,89,94,17,0,8,7,0,17,0,0,0,76,23,21,11,12,0,12,0,0,43,46,0,48,10,7,6,16,5,0,8,0,7,8
182,41.90077437,-88.34366785,33594,10,24,1,10,8,7,13,8,3,5,7,Saint Charles,IL,Kane County,852204,1029,684,131429,0,25,0,0,18,0,0,0,21,18,21,73,154,86,161,107,548,136,33.5,2670,41,42,250,82,0,29,122,142,135,87,86,87,158,145,31,0,8,18,21,66,0,0,70,57,49,18,54,0,8,102,34,88,93,84,99,83,100,0,0,31,0,60,11,0,0
136,40.04894663,-85.64864427,32420,3,8,0,0,1,1,1,0,1,0,3,Anderson,IN,Madison County,1802,1027,882,38780,129,38,71,27,53,49,134,67,0,73,38,30,139,16,18,0,504,378,46.8,1499,10,9,0,0,48,0,42,3,71,20,11,109,48,20,0,66,0,12,137,0,0,0,0,57,12,0,0,0,43,15,0,53,50,18,137,46,11,52,17,16,36,141,0,8,76
237,42.5098673,-83.04942131,37197,8,7,0,1,4,6,20,5,8,10,2,Warren,MI,Macomb County,261000,1022,1233,69509,39,76,17,28,54,40,27,75,126,87,53,315,105,48,72,71,646,587,47.1,2742,160,17,43,24,50,0,15,32,84,71,75,55,67,40,117,79,53,23,40,41,50,43,87,14,45,52,11,0,0,119,88,60,89,101,118,148,66,79,13,85,66,83,62,29,127
223,39.19463749,-84.65766588,28197,2,4,1,522,3,4,5,0,2,0,3,Cincinnati,OH,Hamilton County,20604,3000,427,62514,35,39,11,0,17,33,13,12,35,18,105,79,14,10,6,0,207,220,37.3,1175,0,91,0,0,0,0,0,19,22,87,0,0,19,38,13,42,52,0,17,14,0,18,76,117,81,0,0,0,0,0,34,23,0,56,0,18,34,10,41,15,41,13,30,33,17
286,42.4120478,-83.25275099,33732,15,15,5,187,48,14,21,9,7,0,5,Detroit,MI,Wayne County,543200,2001,168,39259,35,0,0,0,0,0,57,12,0,17,19,10,8,0,10,0,84,84,35.7,416,11,0,12,32,0,0,0,12,13,0,13,0,1,0,0,36,13,10,0,0,0,0,0,0,66,0,0,0,0,23,0,10,39,0,35,30,32,11,7,0,0,10,0,0,0
41,42.08203304,-86.42199087,32184,10,3,1,3,1,7,2,1,0,5,3,Benton Harbor,MI,Berrien County,2100,3033,416,24338,0,104,54,59,33,24,18,25,28,0,23,38,10,0,0,0,182,234,43.9,844,26,10,0,35,0,0,23,43,30,33,39,23,38,7,11,7,10,8,0,26,9,0,14,0,17,71,0,16,0,0,32,26,0,18,28,7,24,12,24,52,28,66,6,16,9
303,42.94601187,-85.07771263,31871,6,8,4,0,2,3,4,0,0,0,4,Ionia,MI,Ionia County,31900,4017,853,63963,39,5,65,69,14,31,28,4,8,53,220,77,162,25,33,20,604,249,42.3,2379,25,48,72,247,4,24,77,147,80,42,193,38,28,72,28,44,72,30,43,13,27,13,18,8,95,21,30,0,3,17,42,23,83,170,29,56,75,14,91,15,35,29,17,26,93
209,42.82911435,-84.53700652,29894,5,8,0,0,5,3,2,0,2,2,6,Dewitt,MI,Clinton County,10104,2023,268,54808,0,0,19,28,15,0,8,11,8,48,23,37,9,12,42,8,183,85,51,614,29,0,11,1,0,0,0,15,0,9,40,19,25,14,0,0,84,2,29,25,19,1,18,25,10,22,9,0,11,0,0,8,8,22,0,43,0,0,28,7,0,38,0,15,17
287,38.00027328,-87.49571396,33755,4,19,1,0,19,3,15,3,6,2,9,Evansville,IN,Vanderburgh County,204,1003,592,36509,49,23,75,0,51,63,72,13,46,98,10,22,23,14,20,13,216,376,24.9,1179,15,150,9,0,0,14,102,99,0,10,14,11,28,0,21,23,0,0,11,13,0,0,0,30,198,0,0,0,11,64,30,77,10,47,0,41,0,0,14,0,39,15,0,13,70
257,45.34676868,-84.96438835,27146,4,3,1,45,4,2,13,6,1,0,0,Petoskey,MI,Emmet County,970800,5015,713,39732,12,50,10,32,161,79,14,12,51,155,46,61,0,15,15,0,371,342,39,1205,0,0,0,0,15,50,72,21,23,72,0,33,31,0,0,0,58,0,24,71,0,21,118,59,0,0,0,0,0,0,127,0,37,0,0,18,12,0,0,68,0,14,78,48,100
133,39.76113829,-86.32979394,32235,6,33,0,0,4,3,9,1,5,0,19,Avon,IN,Hendricks County,210614,3015,766,73788,0,0,0,0,0,19,101,0,0,195,84,163,118,0,86,0,613,153,30.8,1804,51,16,21,135,0,85,19,16,27,28,154,100,69,0,0,0,34,0,17,29,0,20,0,47,226,0,0,0,0,33,232,131,42,21,133,0,13,0,19,0,34,0,18,34,0
290,39.85338819,-86.12425445,26850,10,19,9,68,29,1,10,10,2,1,3,Indianapolis,IN,Marion County,321700,3017,709,53125,74,86,71,25,22,12,0,41,14,38,74,9,84,60,72,27,171,538,52.3,1234,0,0,29,7,0,8,10,50,32,121,35,24,15,38,4,47,0,0,37,5,10,34,1,0,11,0,0,0,0,0,105,86,47,20,0,58,36,12,0,5,91,44,0,14,198
131,39.77426113,-85.96372355,28935,5,9,1,53,1,4,4,2,2,1,1,Indianapolis,IN,Marion County,360501,4011,560,59307,0,32,19,18,15,15,27,0,15,177,51,29,86,42,34,0,278,282,30.6,1348,12,111,66,0,0,66,36,48,86,102,0,7,21,184,18,31,0,17,0,0,0,0,50,121,0,0,30,0,0,0,66,90,0,31,25,37,0,0,34,17,31,0,0,0,0
55,42.56276286,-83.02625432,26447,6,17,2,4,1,4,10,0,8,3,3,Sterling Heights,MI,Macomb County,231800,2015,613,75464,45,9,0,17,10,27,25,17,63,28,59,121,72,27,30,63,423,190,37.8,1537,114,37,0,0,41,13,31,16,70,29,81,70,18,53,0,29,19,52,35,24,30,14,45,50,33,4,0,0,8,13,51,90,48,49,27,40,58,7,34,0,19,30,42,8,13
161,38.01880911,-84.42222391,28556,11,36,1,17,2,8,13,5,4,10,6,Lexington,KY,Fayette County,3908,4052,746,85870,18,0,0,0,0,43,18,58,146,36,14,62,135,63,66,87,427,319,33.2,1526,6,33,0,61,35,40,75,112,71,48,45,92,14,94,0,14,29,0,15,13,0,0,36,9,10,0,23,19,0,99,109,57,26,10,72,88,67,10,0,0,23,28,23,0,8
236,44.77059826,-85.47697494,23342,1,1,0,20,0,1,0,0,9,1,1,Williamsburg,MI,Grand Traverse County,550102,3047,498,85983,12,7,0,0,6,35,36,6,20,15,36,168,76,35,9,37,380,118,45.5,1356,90,28,14,10,0,14,13,0,19,17,38,64,39,22,23,10,0,20,48,7,36,33,33,4,138,11,0,0,0,0,15,36,86,64,12,24,18,18,124,23,27,39,17,32,72
130,39.97350566,-86.15260993,32428,2,22,1,133,61,4,31,39,2,13,5,Carmel,IN,Hamilton County,111012,3005,724,74318,17,16,66,14,0,26,0,0,70,79,89,43,126,86,49,43,283,441,32.8,1449,58,0,117,50,0,26,29,43,143,23,112,79,26,0,0,0,0,0,23,35,0,0,21,22,0,0,0,0,0,72,104,57,114,21,0,7,14,0,8,18,0,48,46,17,116
220,38.34927,-85.79309915,32995,4,9,2,0,0,3,5,2,4,0,3,New Albany,IN,Floyd County,71005,3006,353,78950,10,7,0,10,30,5,17,0,29,30,24,79,11,75,15,11,302,51,38.2,1113,23,32,4,33,11,11,11,34,5,99,48,30,16,33,9,22,24,11,8,21,6,21,48,38,77,32,0,0,0,0,35,21,61,5,8,72,23,8,8,8,25,27,13,38,14
157,39.19718367,-84.23758844,25084,8,24,6,11,1,8,8,1,19,0,1,Milford,OH,Clermont County,40403,1009,1090,61721,73,28,35,75,61,73,52,47,44,15,200,64,125,28,112,58,759,331,35.2,2789,145,67,38,0,43,133,79,79,83,51,58,96,56,79,74,32,9,23,49,35,18,0,59,58,118,111,72,0,28,51,111,41,101,100,106,46,108,47,51,9,48,81,57,7,56
207,40.51255401,-88.94647135,36077,15,38,2,8,17,12,31,18,10,4,6,Normal,IL,McLean County,504,1021,1420,63194,35,0,7,58,0,41,153,106,24,255,162,259,160,84,9,67,762,658,40.2,2854,71,223,0,0,0,0,50,64,204,37,230,115,20,99,0,36,0,10,39,43,120,22,0,34,9,23,0,0,0,87,244,85,212,88,0,25,85,20,45,16,63,27,54,266,14
112,40.05454335,-84.24347386,21545,7,21,0,9,3,7,5,0,0,0,7,Troy,OH,Miami County,365001,2005,472,48816,33,16,105,0,0,24,13,11,43,19,47,78,0,29,35,19,224,248,48.9,1233,61,32,0,0,0,0,0,0,54,48,19,33,0,82,18,6,42,13,16,43,0,0,53,56,55,19,0,0,0,0,0,85,0,29,20,37,151,16,28,13,57,59,13,0,21
278,42.11068633,-83.28940068,29114,7,19,3,32,1,6,7,2,4,0,3,Flat Rock,MI,Wayne County,599001,2013,632,61458,25,60,1,0,28,15,63,0,0,68,96,102,51,12,41,70,416,216,38.5,1608,12,155,62,0,0,0,28,0,82,56,65,43,17,63,0,59,14,64,18,15,0,15,0,91,72,77,0,0,13,0,121,0,83,66,23,49,49,0,49,72,36,24,14,1,0
192,42.2927149,-88.97611976,31109,3,8,1,0,23,4,53,10,4,19,4,Rockford,IL,Winnebago County,512,2007,561,65439,0,12,59,0,15,0,0,13,12,142,105,56,0,27,60,60,311,250,33.9,1158,26,83,0,0,0,0,0,68,30,43,53,13,0,42,0,0,0,66,38,11,0,15,53,66,30,0,0,0,0,91,53,76,38,62,12,31,26,0,13,13,9,24,0,12,28
258,37.73807385,-84.33374968,35456,5,16,0,133,11,6,2,1,2,0,1,Richmond,KY,Madison County,10702,3006,234,109167,0,0,0,0,11,0,9,0,0,11,52,26,32,23,50,20,167,67,46.3,592,35,22,0,0,0,0,43,0,0,21,12,25,17,26,18,9,0,18,41,12,0,0,24,21,0,14,0,0,34,0,7,0,22,19,22,14,6,21,0,17,22,19,0,0,16
317,41.10274641,-81.38457465,31443,6,9,0,0,4,3,5,1,4,0,4,Kent,OH,Portage County,601703,1024,802,64322,57,0,63,53,17,0,0,31,18,119,167,102,37,66,72,0,502,300,41.1,1762,15,59,16,53,36,0,56,43,62,51,40,54,72,40,21,19,18,35,51,89,0,17,8,19,62,32,0,0,0,38,106,18,66,72,47,44,40,20,37,17,81,52,61,0,0
293,46.46557575,-84.38770668,26208,8,5,0,0,1,5,6,2,8,4,3,Dafter,MI,Chippewa County,970500,3009,270,45833,50,13,0,0,10,14,22,19,33,31,10,9,35,8,10,6,163,107,37.5,764,73,95,7,0,16,15,15,0,9,0,19,22,2,30,9,10,37,26,9,0,0,34,28,38,20,27,0,0,0,0,17,3,41,28,12,8,28,0,5,8,0,18,14,22,12
279,44.26685976,-86.29527868,20976,4,2,0,0,1,3,4,1,2,2,5,Manistee,MI,Manistee County,400,3026,438,43947,12,4,45,3,43,48,26,54,0,17,104,56,1,18,7,0,293,145,52.4,1112,27,26,2,0,0,1,7,0,17,6,33,49,82,58,7,14,16,49,13,69,0,23,63,39,30,5,8,0,0,0,42,23,25,13,32,47,27,1,42,40,5,71,30,26,1
291,41.78654775,-85.42454648,26937,9,6,2,1,4,7,8,0,1,3,4,Sturgis,MI,St. Joseph County,40600,1011,727,32457,31,166,29,80,29,36,50,24,11,134,17,33,39,0,48,0,504,223,34.5,1590,38,38,3,31,9,21,0,102,18,88,67,40,27,44,16,33,16,45,44,0,0,7,14,22,16,4,0,7,104,44,59,82,56,13,12,145,36,0,4,20,23,27,14,0,16
246,39.84924555,-82.77722418,28556,2,6,0,0,6,1,5,1,2,0,2,Canal Winchester,OH,Fairfield County,33000,1027,1008,96990,30,11,10,11,10,37,36,21,10,24,69,253,111,128,54,193,762,246,48.1,2432,41,69,34,13,0,0,0,71,94,15,122,39,45,129,192,55,22,23,88,26,7,7,105,101,65,35,0,15,0,28,56,75,60,95,28,97,96,52,41,56,107,66,48,38,4
193,43.95867606,-86.37723327,23896,2,5,0,4,0,2,4,2,0,6,3,Ludington,MI,Mason County,950600,3047,638,61818,41,15,28,16,26,22,25,42,17,63,101,101,90,31,20,0,415,223,39.8,1597,17,29,58,53,0,18,29,73,18,65,49,26,44,48,6,52,22,29,43,56,19,8,21,70,23,21,25,0,16,46,57,75,58,34,25,50,58,28,58,8,29,48,34,21,0
109,42.54763013,-83.4421881,26874,11,19,1,0,3,7,10,0,38,5,6,Commerce Township,MI,Oakland County,134800,1001,454,73906,47,0,8,0,77,0,17,9,0,34,42,34,79,0,68,39,293,161,36.2,1215,24,16,6,15,0,0,22,24,9,58,18,59,48,21,0,38,8,8,27,16,15,8,61,0,86,96,38,54,0,27,23,44,16,11,27,44,21,10,26,23,24,24,0,14,75
111,40.57874907,-83.07203305,26075,11,22,9,0,38,3,9,1,0,4,5,Marion,OH,Marion County,10100,1045,630,89265,0,62,38,11,0,0,0,95,12,37,12,67,67,33,109,87,518,112,37.6,1924,81,20,18,0,0,0,0,146,110,58,0,23,170,94,13,25,0,0,30,26,54,0,38,85,0,164,14,0,0,0,96,0,52,19,109,17,98,14,36,0,67,41,47,38,0
154,39.92563907,-86.02040953,26749,8,29,1,0,8,9,16,6,2,2,6,Indianapolis,IN,Marion County,330109,3000,619,65625,0,14,15,39,27,0,31,15,82,56,38,38,68,133,39,24,314,305,48.4,1061,0,0,0,0,16,0,0,48,65,0,43,56,11,37,18,0,16,0,10,0,7,16,24,0,67,0,0,0,0,0,37,104,14,35,107,31,37,10,29,39,0,90,24,37,15
318,41.41991564,-82.21215148,27738,12,25,0,0,0,8,8,4,4,1,2,Lorain,OH,Lorain County,97202,2031,1176,84045,59,0,39,14,14,67,0,12,80,104,56,300,152,109,131,39,963,213,34.3,3413,36,98,94,51,17,32,98,236,125,81,46,50,75,149,28,8,30,57,19,40,23,35,150,25,44,0,37,0,25,78,70,252,185,19,48,241,96,50,31,67,38,100,81,30,32
29,42.99370053,-83.63049739,27079,3,7,3,0,1,2,4,0,1,0,2,Burton,MI,Genesee County,11508,2000,668,23067,63,128,44,215,59,44,41,0,10,37,12,6,0,0,0,9,108,560,51.5,1014,0,0,0,14,22,0,29,36,14,0,0,37,117,0,151,0,0,0,0,42,9,0,0,10,0,13,37,0,0,69,48,9,14,23,20,11,20,0,0,40,45,49,39,0,38
105,42.67673772,-82.83565425,27301,13,14,2,23,4,7,6,1,36,1,12,Chesterfield,MI,Macomb County,222103,2003,788,50519,62,34,0,37,18,66,45,103,18,87,36,202,0,80,0,0,394,394,28.8,1745,29,63,96,75,52,23,36,111,15,0,43,35,37,0,17,14,20,0,33,0,0,51,132,0,112,0,0,18,0,20,134,86,82,91,36,84,17,0,18,51,0,66,0,16,0
46,42.53868958,-83.78878844,28000,9,25,3,0,4,8,7,3,1,3,3,Brighton,MI,Livingston County,741100,3002,459,42113,69,39,0,10,25,28,23,53,21,57,27,49,16,31,0,11,79,380,57.8,775,0,0,0,22,0,0,149,8,31,0,7,20,0,52,0,0,27,8,5,11,0,47,0,8,0,7,0,0,0,0,11,40,8,0,16,0,30,0,26,13,36,10,24,44,115
294,45.7517359,-87.08671772,24364,14,31,5,146,8,12,12,10,2,0,4,Escanaba,MI,Delta County,970500,2036,740,61591,17,26,20,36,14,73,40,36,47,40,89,107,65,59,31,40,598,142,57.7,1613,0,30,37,0,12,0,11,33,76,32,23,56,53,85,28,119,9,61,85,34,40,0,5,20,9,48,0,17,0,0,20,27,22,33,32,36,156,55,68,62,28,39,31,17,14
187,43.58267624,-83.83933658,24999,7,12,0,2,0,5,3,0,0,0,5,Bay City,MI,Bay County,285201,5005,727,28424,281,43,0,19,35,100,36,40,44,26,48,55,0,0,0,0,158,569,66.5,1004,0,0,17,17,6,27,9,0,0,3,0,56,6,17,25,119,17,64,34,0,0,44,0,0,20,19,0,0,32,0,0,0,0,0,30,0,7,13,71,0,29,159,11,123,29
178,41.76787959,-88.20946516,28992,18,59,2,148,60,9,27,13,5,17,6,Aurora,IL,Dupage County,846509,3000,1337,120212,11,0,0,0,22,20,0,0,16,11,170,240,238,115,216,278,964,373,33.4,3427,94,103,65,31,0,0,13,122,87,326,172,199,13,22,11,41,0,0,0,22,0,0,91,242,61,33,0,32,0,132,248,223,291,32,74,78,137,11,96,0,0,0,21,0,24
113,43.00180653,-84.11582073,26850,4,7,0,118,23,3,4,1,1,0,5,Owosso,MI,Shiawassee County,31700,2017,351,48063,51,38,23,11,0,20,17,11,20,30,30,44,51,5,0,0,201,150,50.7,814,37,21,0,7,6,0,3,27,18,20,9,10,25,10,33,21,29,15,30,10,22,16,17,20,0,17,0,0,0,0,48,20,49,8,18,0,49,21,6,9,34,49,0,27,10
142,41.41167571,-82.66313365,25668,8,35,0,0,58,8,5,6,41,3,4,Sandusky,OH,Erie County,41900,2019,1053,85231,7,20,37,82,45,18,0,9,89,56,111,167,130,64,90,128,680,373,47.5,2596,40,62,0,10,0,0,99,86,101,105,55,77,31,177,26,55,27,36,99,50,0,12,56,79,94,19,0,0,0,55,65,90,74,45,96,103,144,47,58,8,75,97,48,108,38
245,42.63873511,-83.74429665,26757,6,20,2,0,10,3,2,0,18,0,5,Hartland,MI,Livingston County,713100,2010,738,91303,9,0,0,11,26,11,0,67,15,13,73,224,51,47,91,100,407,331,47.1,2036,0,123,55,56,13,39,0,0,38,47,44,97,152,32,17,36,6,8,110,35,19,38,20,46,22,64,26,40,29,52,13,0,126,56,92,70,82,0,40,31,13,86,39,28,24
212,39.98825484,-82.78807133,27200,8,6,2,164,2,5,4,3,2,3,6,Reynoldsburg,OH,Franklin County,7302,2018,1315,85523,0,0,0,0,0,0,41,52,16,133,152,487,227,105,102,0,894,421,38.1,3172,264,119,15,0,0,22,0,59,121,203,351,149,61,28,34,69,0,0,0,47,13,16,149,78,109,56,0,0,16,0,121,206,160,130,134,32,144,33,20,22,16,63,13,0,17
282,45.05880275,-83.47492318,24738,6,5,3,22,9,3,16,7,8,1,4,Alpena,MI,Alpena County,700,2000,560,33906,83,76,52,33,18,32,11,0,55,68,79,6,39,8,0,0,292,268,48.9,1280,21,51,54,11,0,12,0,67,28,0,56,0,19,77,37,36,0,11,46,37,37,15,0,102,36,10,12,0,0,0,45,17,19,45,58,36,66,11,8,23,39,29,64,17,28
289,42.3815816,-88.06602661,30393,11,18,1,0,3,3,5,1,2,1,5,Round Lake Beach,IL,Lake County,861202,1031,796,95697,4,0,20,80,14,8,37,66,0,13,59,141,108,81,66,99,597,199,38.2,2324,88,23,88,9,0,0,43,130,44,136,8,95,5,57,49,46,51,25,7,57,69,12,85,80,71,125,36,39,0,0,67,59,46,44,92,55,23,47,79,29,13,77,80,64,9
114,40.06087198,-82.86011521,26635,11,47,0,107,2,7,7,50,2,7,5,Columbus,OH,Franklin County,7209,2024,888,86786,0,0,0,50,0,0,56,27,0,110,150,91,227,42,118,17,382,506,31.3,1622,0,28,0,21,15,0,11,227,121,0,0,0,24,90,29,0,0,0,31,0,0,14,44,29,31,30,20,0,11,91,207,84,32,22,87,54,80,0,42,28,30,15,0,13,45
147,39.35736332,-84.37604297,25718,16,56,2,8,1,10,10,12,3,1,3,West Chester,OH,Butler County,11125,1011,640,173977,49,0,0,7,10,21,0,19,0,0,50,59,36,46,117,226,454,186,52.1,1562,15,78,36,17,15,3,0,23,13,29,41,42,109,89,45,41,15,12,81,21,5,13,4,35,49,72,37,0,0,49,16,7,5,53,50,115,49,14,18,21,59,61,71,7,17
132,39.61430975,-86.16198608,29618,7,26,2,0,1,6,8,3,1,2,5,Greenwood,IN,Johnson County,610605,2002,1113,61188,134,10,0,28,30,0,71,125,26,123,34,113,87,204,52,76,805,308,39.8,3066,55,154,139,34,49,0,34,124,69,81,68,88,91,44,19,10,55,22,67,26,108,19,47,25,112,60,12,0,35,114,107,95,75,157,90,61,104,69,73,0,21,106,0,45,185
169,41.70092412,-88.12752492,26157,10,38,1,0,9,4,7,1,1,11,8,Bolingbrook,IL,Will County,880122,2000,400,129309,0,0,0,0,0,0,10,0,11,7,8,19,111,128,38,68,362,38,37.6,1319,61,37,48,36,18,9,12,68,16,68,46,76,59,18,29,28,22,0,0,7,10,0,54,33,28,0,0,16,23,50,23,14,133,38,0,67,77,0,8,22,0,9,11,1,0
319,40.04006979,-86.16279796,0,3,2,0,0,1,3,2,0,1,3,5,Westfield,IN,Hamilton County,110406,2002,266,91167,0,0,0,0,23,0,0,0,18,47,31,30,94,16,0,7,243,23,28.9,957,0,92,49,75,16,0,0,0,18,11,7,0,17,35,24,0,0,0,42,24,0,0,17,61,102,24,0,0,0,0,29,34,27,56,16,48,67,0,0,0,12,0,0,38,0
239,41.69944996,-88.31054192,27198,9,41,3,34,1,5,5,8,2,3,2,Oswego,IL,Kendall County,890103,2010,930,153063,42,0,0,0,0,0,0,0,0,0,391,0,0,0,384,113,888,42,33.5,3402,95,335,54,0,0,0,39,0,0,34,167,215,40,337,0,0,0,0,0,54,0,0,0,353,127,274,27,0,0,321,0,56,41,191,81,413,0,0,0,0,0,42,58,0,0
177,42.71613853,-83.0321395,27868,7,10,0,19,1,4,3,0,6,0,1,Washington,MI,Macomb County,215300,2025,923,73125,34,45,19,30,9,27,0,19,54,64,171,122,64,138,93,34,600,323,43.4,2141,51,89,61,9,9,9,113,142,28,33,163,0,123,114,58,9,19,28,52,49,9,10,26,70,61,30,18,0,63,17,52,14,25,90,53,97,130,8,26,20,39,29,30,37,10
186,40.46997347,-86.95677675,30785,5,10,3,171,4,6,7,2,1,3,4,West Lafayette,IN,Tippecanoe County,10206,1005,748,88393,15,13,0,65,154,32,0,16,0,0,49,77,15,121,102,89,523,225,53.2,1856,77,100,17,0,0,30,0,95,0,0,116,50,19,101,28,27,14,25,156,57,13,0,56,53,15,30,15,14,14,64,0,14,29,46,26,58,25,25,86,111,47,95,74,0,21
107,39.77749915,-84.07368119,28745,5,33,32,87,38,6,10,33,4,6,8,Fairborn,OH,Greene County,210101,2004,1327,101134,76,0,0,50,67,0,32,16,75,125,78,120,219,151,97,221,564,763,34.1,2396,28,16,0,33,10,15,76,306,65,161,18,93,47,158,21,13,0,76,19,0,0,0,58,33,64,65,76,0,0,197,107,68,33,108,139,71,36,49,43,0,70,0,0,17,0
271,42.40650877,-86.25644744,22851,11,20,1,27,66,8,4,0,2,0,5,South Haven,MI,Van Buren County,10500,3036,684,37989,177,8,32,33,67,16,46,43,17,21,38,36,92,5,53,0,266,418,62.3,1222,37,65,0,0,0,0,15,13,5,16,11,0,7,55,10,80,26,38,0,20,9,24,28,0,26,9,3,0,0,61,19,14,37,31,0,57,47,0,96,15,111,63,37,95,19
227,42.65176541,-83.53182334,22089,4,2,1,0,8,2,3,1,7,0,1,White Lake,MI,Oakland County,130100,2008,471,90417,26,11,0,23,10,20,0,16,12,13,85,56,57,49,35,58,370,101,40.5,1298,42,77,33,5,4,0,15,36,13,27,79,54,47,38,0,22,13,3,43,18,4,9,47,31,29,11,52,0,0,24,24,19,104,38,52,56,51,3,13,14,12,41,9,14,33
234,39.83663068,-83.08072682,25512,4,14,0,0,6,4,9,2,1,5,2,Grove City,OH,Franklin County,9751,2024,783,135875,14,0,0,60,15,17,0,41,0,83,44,53,36,35,290,95,599,184,47.4,1663,24,34,133,20,14,0,30,0,73,21,63,85,82,33,16,0,0,0,54,13,7,0,0,14,101,41,36,6,0,25,11,58,7,26,96,304,63,0,12,9,48,39,0,21,35
218,42.35991135,-88.27086195,27717,11,27,2,15,1,7,5,5,2,2,3,McHenry,IL,McHenry County,870604,2009,1050,80395,84,74,0,45,31,49,56,21,0,61,28,195,126,0,105,175,696,354,41.5,2457,75,41,20,29,40,0,0,85,40,210,38,112,100,212,40,23,17,15,19,20,36,0,155,78,60,98,0,0,0,26,27,61,89,148,84,137,115,43,24,18,36,0,35,0,10
267,41.26016968,-85.84124328,25460,4,13,0,0,0,4,5,3,3,4,6,Warsaw,IN,Kosciusko County,962000,3002,551,50046,111,48,26,15,0,25,0,0,50,53,65,53,70,0,13,22,351,200,54.6,1398,20,73,30,30,0,0,2,3,43,2,49,52,2,68,18,13,24,12,65,26,22,0,63,24,2,54,12,0,0,14,54,1,0,55,34,77,48,14,65,27,80,28,33,50,81
160,38.18800326,-85.60792269,24857,2,4,0,0,0,2,9,4,2,0,3,Louisville,KY,Jefferson County,11114,3001,422,58357,16,0,55,0,17,51,20,29,11,35,35,29,35,54,35,0,285,137,67.1,836,0,18,17,14,0,0,0,0,19,15,17,0,17,11,0,10,0,20,59,50,65,33,0,0,35,24,0,0,0,0,0,0,20,54,36,0,0,13,10,54,16,74,68,19,16
194,42.55537511,-84.81422383,30625,2,0,0,0,0,1,1,0,0,0,2,Charlotte,MI,Eaton County,21002,3009,317,106328,7,5,22,0,6,0,9,0,0,10,52,39,16,135,16,0,253,64,54.3,744,8,26,0,14,0,10,0,18,12,25,8,34,19,145,0,0,0,0,5,22,0,6,12,24,0,7,0,0,0,0,0,49,8,17,21,21,134,6,0,0,7,19,15,0,7
129,39.82625963,-86.25178418,24556,18,29,5,0,0,9,2,1,3,4,6,Indianapolis,IN,Marion County,310306,2020,192,9500,120,21,34,0,0,0,0,0,0,0,0,17,0,0,0,0,133,59,18.7,535,103,48,18,17,0,0,0,0,19,17,0,0,0,0,0,34,0,0,0,0,0,0,20,45,0,22,0,0,0,0,0,21,78,0,0,59,0,0,0,0,0,34,0,0,0
250,45.02452013,-84.72333364,23673,5,3,0,0,0,4,4,0,0,1,3,Gaylord,MI,Otsego County,950300,1089,902,34677,94,16,63,42,182,58,37,42,59,32,99,138,11,10,5,14,490,412,51.5,1833,50,6,8,74,6,5,68,70,75,6,11,42,104,158,17,14,11,59,71,14,20,13,106,17,19,52,5,10,2,3,26,134,0,30,71,71,72,0,21,12,27,76,95,18,59
242,42.72259905,-82.74123349,27339,5,2,1,0,0,4,3,0,0,0,2,Lenox,MI,Macomb County,218002,1022,523,51153,0,52,0,51,25,0,15,14,51,131,33,131,0,20,0,0,377,146,38.9,2686,26,49,15,0,38,0,60,346,248,278,204,199,110,196,19,47,13,35,36,11,24,0,32,58,45,54,0,19,0,0,30,51,14,47,40,8,30,20,15,34,28,32,59,52,33
241,39.86892051,-84.10329559,27061,4,3,1,18,0,4,1,0,1,7,5,Dayton,OH,Montgomery County,100102,2007,620,71739,0,0,0,14,60,8,20,7,0,113,111,130,83,48,11,15,412,208,43,1369,71,41,56,20,0,0,14,50,21,54,113,0,59,46,0,67,22,8,45,8,8,0,0,17,30,17,0,0,0,19,54,20,86,54,44,85,16,10,17,35,71,60,15,0,0
307,41.15922717,-81.4048665,27359,9,25,2,1,4,4,9,8,5,2,6,Stow,OH,Summit County,530501,3004,1154,68029,33,10,22,47,53,71,0,71,93,89,158,328,62,16,79,22,686,468,43.6,2636,27,54,61,180,0,0,29,77,63,65,89,19,217,79,44,91,14,51,28,64,14,20,141,52,74,47,0,0,0,70,89,20,45,39,19,106,64,79,82,0,59,41,53,65,79
214,41.63492532,-88.19976449,23785,5,5,0,0,0,2,9,1,0,6,1,Plainfield,IL,Will County,880411,1033,774,127083,17,0,0,14,12,21,6,49,0,24,15,97,62,196,147,114,605,169,35.5,2242,87,28,76,19,0,11,30,39,96,104,103,44,93,65,28,18,28,35,48,28,49,8,99,186,69,20,21,0,0,33,29,168,75,57,24,87,85,28,21,16,15,44,29,6,15
162,38.11157721,-85.86098372,23496,5,14,8,9,1,4,5,0,0,0,1,Louisville,KY,Jefferson County,12105,4007,298,46538,0,0,0,58,9,0,19,55,13,0,36,64,7,8,29,0,128,170,26.1,822,49,63,0,0,0,0,7,23,37,0,40,0,0,47,0,0,0,0,0,34,10,0,55,0,38,0,115,0,0,71,39,75,55,0,27,8,0,18,0,0,0,11,0,0,0
253,42.77391533,-84.41764431,27494,4,2,1,0,2,4,4,0,5,3,0,East Lansing,MI,Clinton County,11106,1005,632,67361,0,23,16,52,0,0,19,0,51,138,18,71,96,35,25,88,379,253,37.8,1491,0,112,88,48,57,0,19,20,20,98,74,0,41,43,0,72,36,0,0,0,0,0,0,0,38,0,84,0,0,15,87,62,18,60,96,106,101,0,18,16,33,0,0,0,0
298,44.53476288,-88.07725997,23611,9,20,0,0,4,7,10,6,41,6,8,Green Bay,WI,Brown County,20502,2047,430,50000,0,21,0,31,77,35,22,29,0,20,71,11,0,21,64,28,363,67,46.1,1038,31,10,50,0,0,0,0,63,21,57,27,38,17,90,0,61,0,2,11,12,12,0,40,0,53,50,0,0,0,24,0,64,0,28,18,133,19,30,41,0,12,0,24,0,0
211,41.5470039,-83.58876923,27568,10,25,0,24,18,11,10,13,3,4,3,Perrysburg,OH,Wood County,20701,1095,291,49904,0,0,23,22,0,10,40,38,13,16,49,62,18,0,0,0,95,196,61.5,507,0,0,0,15,22,42,17,40,21,0,0,0,0,0,13,0,18,62,0,25,0,0,0,0,0,0,0,0,45,0,0,33,12,0,0,0,0,0,38,0,85,19,0,0,0
308,41.46135672,-81.99171826,25661,3,2,0,0,1,3,8,20,1,2,5,Avon,OH,Lorain County,13101,1028,720,90517,27,0,0,14,42,17,0,31,15,68,93,76,73,21,73,170,487,233,53.2,1633,0,0,40,0,0,0,17,15,55,11,47,103,41,60,33,9,0,15,7,112,77,14,24,45,37,74,0,49,0,15,0,48,32,11,76,65,64,0,0,25,0,138,60,89,74
314,41.17600805,-85.08963169,0,7,21,0,15,14,8,13,1,3,18,10,Fort Wayne,IN,Allen County,10813,1016,628,50106,32,22,43,60,18,63,23,35,16,162,43,64,47,0,0,0,198,430,32.8,1185,56,30,4,10,0,31,29,25,128,38,89,45,45,39,0,0,13,0,0,6,0,7,56,5,0,0,0,0,21,50,81,30,38,13,60,21,0,48,0,0,8,33,0,0,0
285,39.44255387,-87.32994989,27796,6,10,1,38,1,7,3,4,7,9,6,Terre Haute,IN,Vigo County,10602,1020,1402,60682,149,8,166,0,65,36,26,83,25,140,166,130,73,78,183,74,576,826,30.9,2722,29,35,0,82,114,114,126,154,55,46,9,145,90,0,0,62,0,142,40,65,38,0,95,18,13,18,48,65,33,137,223,26,42,57,79,12,93,95,0,17,138,42,92,0,0
215,41.72126731,-88.03578226,27571,8,28,2,20,2,12,10,7,1,11,7,Woodridge,IL,Will County,880117,1000,188,153207,0,0,0,0,0,0,26,0,17,0,24,0,0,14,76,31,132,56,35.2,614,58,0,0,0,0,0,0,12,0,62,30,0,21,21,0,24,0,0,0,0,0,0,0,31,31,0,0,0,0,129,36,0,0,42,0,43,46,0,0,0,11,17,0,0,0
300,44.3004716,-88.41900764,21603,6,16,2,23,14,6,37,8,16,15,2,Appleton,WI,Outagamie County,12505,3007,470,102500,0,0,15,29,0,9,9,17,0,30,62,55,104,24,24,92,355,115,38.6,1354,46,84,20,38,0,0,0,14,68,28,64,102,21,64,0,13,20,38,46,0,27,1,43,8,56,48,0,0,0,23,42,35,99,24,60,22,24,22,9,19,20,31,19,0,0
148,39.09845478,-84.26468225,25019,14,37,2,51,4,9,4,4,7,0,4,Cincinnati,OH,Clermont County,41307,2072,784,50375,29,7,116,48,38,41,80,5,25,54,100,64,49,47,78,3,459,325,34.8,1753,151,84,28,111,0,0,58,81,32,21,62,23,0,38,33,20,0,36,57,24,18,37,44,39,18,8,0,0,0,19,105,56,42,90,33,16,33,17,16,39,27,51,19,0,115
166,38.11242274,-85.67959147,25383,3,0,0,0,0,3,4,2,0,1,7,Louisville,KY,Jefferson County,11909,2013,648,64779,32,18,0,2,0,71,0,29,43,98,141,103,11,52,48,0,493,155,35.4,1717,104,34,33,0,0,0,0,58,97,161,31,183,40,95,0,36,0,11,0,0,8,0,74,0,22,42,0,0,0,5,132,115,17,9,0,85,0,44,37,14,74,18,0,8,12
190,41.66929,-84.99658987,22214,5,2,0,0,1,3,1,0,2,1,3,Angola,IN,Steuben County,971300,2006,755,47439,0,0,47,76,0,60,97,38,61,106,37,84,73,76,0,0,485,270,34.2,1850,111,21,0,0,30,0,39,0,86,27,0,72,45,38,8,42,22,25,51,16,17,48,11,50,47,119,0,58,0,45,83,150,18,14,14,67,62,52,13,79,0,76,14,0,10
144,39.75023011,-82.65495619,25280,3,6,1,0,14,5,6,10,3,0,5,Lancaster,OH,Fairfield County,30901,3063,258,67304,0,0,0,0,0,0,50,11,0,8,75,45,17,0,52,0,153,105,65.4,665,12,0,0,0,0,0,0,0,0,0,0,14,0,103,0,0,25,66,12,14,34,24,0,0,0,0,13,0,0,27,0,0,0,13,51,4,52,8,3,9,50,27,36,7,35
122,42.49778209,-83.54129001,26289,10,12,2,0,6,8,9,1,15,4,4,Wixom,MI,Oakland County,133102,2003,433,48315,86,6,29,5,40,23,20,0,23,0,22,144,35,0,0,0,250,183,36.6,861,0,24,0,0,0,0,0,23,0,149,0,0,19,40,20,0,7,0,23,22,0,6,0,0,140,0,0,0,0,21,0,22,161,0,0,0,35,0,7,0,29,0,78,0,0
323,41.23620107,-81.82172665,0,7,29,8,34,1,7,7,1,1,0,1,Brunswick,OH,Medina County,416000,3004,488,71944,9,0,0,22,0,17,0,24,88,38,62,53,107,28,25,15,259,229,36.3,984,42,57,0,16,0,0,0,139,34,65,0,0,25,22,14,14,9,20,50,0,0,14,14,0,0,20,0,0,0,24,99,29,61,0,0,64,32,14,18,24,8,30,0,0,13
280,41.53050595,-87.71056583,23164,4,5,1,0,1,4,10,2,1,17,3,Flossmoor,IL,Cook County,829902,3042,941,92952,16,0,0,0,0,15,0,0,15,152,41,406,56,42,82,116,763,178,50.6,2374,157,49,112,105,0,0,0,12,24,0,109,65,118,268,17,18,34,66,55,0,0,46,18,72,127,19,0,16,0,16,2,0,54,126,59,93,26,220,0,23,49,112,26,42,0
167,38.32327017,-85.70907923,22059,5,8,1,20,0,6,2,0,11,0,4,Jeffersonville,IN,Clark County,50603,2000,592,43403,83,12,0,40,12,136,0,36,18,121,81,42,0,11,0,0,286,306,45.8,1178,62,37,62,16,0,0,7,30,93,165,15,36,109,196,20,114,0,0,0,14,0,0,17,0,0,0,0,0,0,8,34,11,0,10,26,0,0,0,0,40,0,0,56,0,0
219,41.63121453,-87.92778295,23866,7,28,1,4,1,6,4,1,2,1,1,Homer Glen,IL,Will County,881011,2000,624,103103,17,35,0,10,42,0,50,25,0,89,10,23,79,96,104,44,416,208,37.2,1836,25,94,30,39,24,0,21,83,44,60,96,16,21,26,22,47,26,39,23,0,18,48,81,13,72,32,24,10,0,26,58,103,40,39,0,33,29,27,41,21,25,63,50,20,121
183,42.01191187,-88.33390062,24959,4,14,16,0,2,6,7,0,6,8,4,Elgin,IL,Kane County,851908,3007,697,83850,0,0,0,0,13,22,13,17,0,70,134,159,120,28,68,53,552,145,38.4,2178,141,81,19,9,9,17,43,13,60,30,125,97,52,123,8,20,47,16,32,2,0,0,11,34,188,94,19,60,20,63,80,24,63,158,73,39,81,76,35,24,3,0,0,0,29
283,42.89851314,-87.91480456,26073,9,25,4,46,6,6,9,0,3,10,15,Oak Creek,WI,Milwaukee County,160203,3010,1177,56577,0,0,0,12,162,97,91,110,55,89,170,273,105,13,0,0,473,704,28.8,2388,86,153,28,0,0,0,33,372,98,55,17,82,13,51,25,13,12,0,126,11,11,0,82,42,22,0,0,0,28,33,373,96,62,0,16,0,59,54,60,12,11,28,11,11,26
156,41.37710642,-83.60755419,21194,5,10,8,71,9,4,13,7,3,5,5,Bowling Green,OH,Wood County,22500,2018,504,68250,26,9,5,55,15,18,12,8,50,16,58,101,50,1,51,29,304,200,32.2,1569,4,28,67,33,45,137,64,106,96,52,37,39,50,63,21,19,14,47,12,4,0,24,0,17,23,47,0,15,53,38,25,41,11,26,38,17,55,11,20,70,0,27,19,1,26
299,43.39391989,-88.18457004,23507,10,16,2,0,5,4,6,3,1,1,4,West Bend,WI,Washington County,420107,3001,328,78426,0,0,0,10,0,0,21,33,15,45,10,81,45,0,10,58,206,122,55.2,816,25,0,72,0,0,0,50,27,71,0,0,0,57,96,24,0,10,9,27,16,1,18,0,0,0,24,0,0,0,0,0,0,0,0,0,64,103,0,0,0,17,72,15,0,18
277,43.07331142,-88.05083219,24463,7,32,7,17,8,2,23,55,26,5,6,Milwaukee,WI,Milwaukee County,90300,1007,494,72500,10,0,29,23,8,0,17,45,47,8,67,66,77,12,62,23,268,226,35.5,1025,10,21,9,11,0,20,21,43,41,83,0,10,58,69,33,12,7,7,22,0,14,7,64,28,21,11,12,0,0,29,48,96,19,40,9,16,29,7,10,8,21,6,14,13,14
150,39.29233058,-84.29251509,22055,10,26,3,119,44,7,16,18,21,5,3,Loveland,OH,Warren County,32011,1001,734,65459,0,0,0,13,81,14,78,0,0,26,377,50,19,31,45,0,264,470,30.2,1302,9,0,0,79,0,0,38,124,126,100,29,31,0,0,0,0,0,40,14,0,33,0,92,0,26,0,83,0,31,50,69,108,0,0,0,33,0,0,0,23,27,49,24,12,12
58,40.09260429,-83.09417809,21193,13,33,1,301,5,10,11,12,11,9,8,Dublin,OH,Franklin County,6302,2009,623,0,0,0,15,0,0,30,0,51,28,193,0,23,73,83,90,37,422,201,30.4,1634,15,51,35,18,16,0,31,56,88,90,51,54,17,22,0,18,0,0,29,0,15,0,90,130,0,20,0,0,0,87,211,82,15,57,43,31,37,124,0,13,15,0,0,0,25
310,43.47021728,-85.98143327,18204,5,7,0,0,0,3,2,0,0,0,2,Fremont,MI,Newaygo County,970400,1046,528,68000,20,18,22,6,42,24,16,26,28,40,59,84,61,39,31,12,433,95,45.4,1478,38,83,31,4,9,5,14,32,48,53,22,57,107,47,31,37,4,18,38,29,16,12,59,35,31,16,6,13,9,7,23,80,44,29,63,57,53,21,40,10,22,28,32,8,17
152,39.95184372,-86.34247867,25011,8,33,1,9,2,7,1,1,0,0,1,Zionsville,IN,Boone County,810607,1017,1244,100769,46,24,0,0,24,3,18,34,23,34,20,392,113,67,188,258,901,343,28.7,3838,247,195,112,105,0,88,0,152,312,155,135,100,92,75,35,13,0,16,9,11,0,23,186,175,72,79,0,0,0,173,170,269,202,147,73,41,63,23,34,0,10,0,13,0,23
256,39.71272119,-86.38366177,27939,8,19,4,1,3,4,4,14,4,0,11,Plainfield,IN,Hendricks County,210802,4003,752,62279,46,5,0,0,16,59,37,51,8,123,57,28,36,45,60,181,455,297,35.7,1829,105,0,0,8,83,0,42,66,8,140,77,36,76,63,0,22,105,8,13,11,36,0,107,14,34,35,0,0,0,8,71,51,133,8,69,20,34,43,31,0,22,37,35,38,9
206,42.17031144,-88.33847774,23875,16,38,2,56,7,9,14,17,0,2,6,Algonquin,IL,McHenry County,871206,4015,789,128355,0,30,0,14,13,20,17,0,0,0,113,39,142,74,108,219,562,227,35.3,2104,52,36,20,19,62,0,17,109,33,81,49,73,87,78,14,17,0,0,29,16,20,0,71,0,36,91,56,0,0,13,74,156,66,36,121,97,105,17,17,26,13,38,28,0,35
305,43.7548105,-87.75377958,21668,8,8,0,1,4,6,13,5,2,0,6,Sheboygan,WI,Sheboygan County,400,2022,887,57841,17,59,55,46,120,41,30,31,0,54,72,130,129,9,29,65,432,455,44.5,2133,66,75,74,30,35,36,23,37,70,67,70,69,51,149,51,44,0,48,27,14,55,47,54,46,44,17,27,5,0,50,41,50,56,59,76,21,65,0,65,10,40,55,18,33,109
325,40.84606978,-81.44248996,0,9,56,0,9,22,6,38,37,4,1,9,Canton,OH,Stark County,711322,2018,650,38140,93,31,61,9,49,39,75,46,0,64,36,33,26,21,58,9,263,387,62,1244,5,7,10,4,0,0,20,6,36,18,9,27,46,15,23,12,25,51,72,48,13,46,36,29,33,11,0,5,0,14,15,16,38,83,42,39,10,15,16,0,55,141,67,33,44
273,41.49946857,-87.8902725,26476,5,8,0,0,3,3,6,2,3,3,1,Frankfort,IL,Will County,883515,1023,546,146125,56,8,0,24,9,0,0,27,0,7,28,38,43,53,85,168,454,92,39.6,1499,50,84,43,19,0,0,6,18,36,92,26,21,24,80,22,0,37,50,22,0,0,11,58,74,51,9,24,0,12,25,18,51,76,15,33,98,98,7,38,48,9,22,17,44,0
103,39.67081309,-84.21875523,21414,4,8,0,2,0,3,4,38,4,8,3,Dayton,OH,Montgomery County,50105,1005,960,55694,37,0,9,79,66,21,49,92,55,144,62,141,109,37,59,0,451,509,47,1925,8,37,9,11,0,0,10,130,136,65,31,84,35,109,7,25,20,19,29,10,28,51,41,47,41,0,0,0,0,61,79,93,47,23,62,97,70,19,29,20,10,20,57,45,127
204,39.63770647,-86.3356715,23407,2,9,0,0,0,2,2,1,0,0,4,Camby,IN,Hendricks County,210608,1004,667,66336,61,8,0,0,31,21,0,119,6,58,50,142,84,52,18,17,388,279,30.2,1548,49,97,24,31,0,58,20,165,72,10,117,15,16,12,35,47,12,7,10,0,20,29,29,26,61,27,13,0,8,0,97,89,53,17,45,17,25,45,27,16,25,16,0,0,13
51,41.05701845,-83.59988298,25098,15,41,1,63,20,12,13,20,3,7,5,Findlay,OH,Hancock County,600,5037,1087,58159,39,38,34,79,28,12,92,80,41,141,81,221,74,36,17,74,656,431,51.4,2006,73,14,0,0,0,0,48,114,90,50,30,67,33,74,25,67,39,14,43,72,38,43,4,29,14,6,25,0,0,20,63,59,31,88,129,83,109,49,53,14,14,88,78,0,87
151,39.01147431,-84.63836966,19129,13,39,0,68,15,9,13,10,3,6,21,Florence,KY,Boone County,70311,1022,630,53309,9,35,61,30,11,8,57,47,35,123,135,25,49,0,5,0,392,238,43.7,1783,44,59,46,56,11,0,24,11,44,0,149,11,65,75,0,36,33,59,47,66,42,11,201,13,0,0,57,0,0,0,0,82,4,123,0,46,56,14,41,11,81,13,75,34,20
288,37.75570761,-87.07564577,24524,4,13,2,76,0,0,7,3,0,0,4,Owensboro,KY,Daviess County,401,1000,509,66152,0,17,0,0,16,0,22,33,22,89,83,84,80,8,7,48,272,237,30.7,1121,46,35,7,0,16,16,45,63,36,20,63,3,14,12,12,21,5,0,32,22,0,0,14,31,55,19,7,0,0,21,93,72,27,63,3,29,48,20,32,23,15,21,0,0,0
184,37.9962746,-84.53123263,23396,10,46,4,9,11,7,38,12,8,7,9,Lexington,KY,Fayette County,4204,1003,710,59826,0,0,0,0,0,63,68,62,46,119,132,38,44,47,41,50,351,359,42.5,1584,24,80,16,0,0,0,0,82,73,16,70,56,12,34,0,61,0,0,0,23,18,31,24,86,32,19,18,0,0,184,28,11,19,62,63,95,81,0,19,0,16,34,58,76,30
198,41.95517844,-88.12275946,26251,6,9,1,0,5,2,6,0,2,4,5,Bloomingdale,IL,Dupage County,841112,1028,803,112411,36,25,0,9,0,11,22,2,52,31,84,71,86,110,75,189,419,384,42.8,1912,41,38,31,9,0,0,115,71,25,72,79,72,37,59,23,27,15,21,84,0,9,6,79,34,43,12,0,50,0,26,62,36,98,42,70,76,100,27,31,43,142,8,29,6,21
274,43.31418444,-87.92193318,23284,8,4,1,0,1,2,3,0,0,0,6,Grafton,WI,Ozaukee County,640201,2010,423,139972,0,14,0,0,16,0,0,80,0,0,40,0,18,58,99,98,347,76,39.6,1131,130,19,112,0,0,0,0,15,6,99,15,29,45,30,11,27,15,14,60,10,13,12,11,0,36,14,0,0,0,15,44,10,92,20,40,43,34,12,40,10,0,0,10,13,25
295,39.5054775,-86.07334124,21220,2,9,1,0,4,3,4,0,1,0,4,Franklin,IN,Johnson County,610802,1060,965,68384,49,0,13,59,14,131,57,0,8,39,192,202,151,50,0,0,625,340,29,2551,91,13,24,0,70,0,35,302,120,93,0,44,15,106,13,20,14,33,63,26,67,18,124,22,57,86,89,0,54,90,215,66,41,83,41,82,66,37,29,3,21,0,44,0,18
143,40.16105136,-83.02280826,20796,7,22,3,23,2,6,10,6,4,14,2,Lewis Center,OH,Delaware County,11520,1008,1078,114778,20,0,31,9,61,43,9,29,26,35,60,117,178,134,163,163,803,275,47.1,2679,97,108,19,17,0,19,22,55,80,82,59,62,101,107,40,74,37,52,159,56,0,5,44,53,55,70,17,0,20,18,70,48,72,95,27,137,56,73,54,27,108,166,47,0,19
224,39.16162668,-84.42778835,15051,9,38,2,2309,31,9,15,33,45,2,10,Cincinnati,OH,Hamilton County,27600,1013,862,70800,57,25,23,49,23,11,5,27,19,71,141,224,70,36,52,29,177,685,29.7,1369,21,9,0,10,0,0,76,150,98,57,29,15,24,20,0,42,0,10,7,0,5,2,11,0,6,0,8,8,0,125,276,129,63,7,0,16,8,50,21,23,12,17,0,6,0
135,39.43123157,-84.59693799,23041,5,23,2,6,0,4,5,1,0,0,3,Hamilton,OH,Butler County,1002,4011,364,42826,27,0,31,46,0,37,17,104,13,14,0,28,30,0,17,0,77,287,46,488,0,0,0,0,12,0,0,0,10,60,0,0,13,1,0,2,0,0,44,14,0,0,0,0,0,0,0,0,0,19,51,13,55,11,0,14,37,16,0,0,41,46,16,0,0
313,41.98505747,-88.71222881,20733,1,6,3,18,6,1,13,2,1,2,6,Sycamore,IL,Dekalb County,500,2042,920,75556,55,14,55,24,8,17,15,18,57,115,78,112,84,63,158,47,623,297,36.4,2215,23,99,40,7,0,0,60,56,47,95,51,45,9,64,59,59,36,9,65,54,0,0,73,70,70,63,18,0,33,15,106,136,62,72,45,25,77,18,77,98,35,30,55,8,21
240,39.25101843,-84.6037783,21478,12,50,1,1445,16,4,6,30,2,0,5,Cincinnati,OH,Hamilton County,20701,1002,184,0,0,0,17,0,0,60,15,0,0,25,0,0,0,67,0,0,91,93,40.5,433,0,81,0,0,0,0,0,0,15,15,55,0,0,17,12,0,9,0,0,0,0,0,0,0,53,0,0,0,0,0,10,14,0,55,0,16,0,9,12,0,0,43,0,17,0
249,40.2902389,-83.03184598,19487,4,3,0,10,3,2,3,2,0,1,5,Delaware,OH,Delaware County,12200,1000,1135,70879,38,9,29,54,43,25,36,60,79,93,150,294,82,42,59,42,622,513,40.2,2142,19,34,29,20,28,16,54,124,51,137,25,126,51,23,39,109,13,5,54,16,0,7,83,18,18,16,9,35,0,93,95,62,60,44,39,81,41,20,229,14,21,84,26,0,9
272,36.95645049,-86.43775717,24250,7,5,3,103,0,4,18,1,4,5,6,Bowling Green,KY,Warren County,10600,3012,695,43505,16,154,0,15,0,74,70,46,38,45,65,69,17,9,59,18,242,453,44.8,1163,0,9,0,0,17,0,75,114,43,9,72,0,36,28,4,17,46,0,6,0,32,41,20,17,0,8,0,31,13,0,65,41,0,49,0,39,37,42,15,15,6,14,79,117,6
326,44.27438681,-84.27483796,0,3,1,0,0,0,1,6,6,0,0,4,West Branch,MI,Ogemaw County,950200,3037,552,75769,9,17,29,7,7,44,26,30,17,43,43,106,67,38,39,30,420,132,45.8,1479,47,36,16,7,11,0,22,81,31,34,29,62,59,48,20,53,20,28,30,23,18,6,43,50,37,9,9,4,11,12,53,44,41,31,42,46,61,28,61,25,21,31,31,21,14
247,40.08606269,-88.18734937,26112,4,7,2,10,7,3,18,4,4,6,6,Urbana,IL,Champaign County,5602,1005,953,43074,103,41,54,14,100,39,72,82,65,54,30,75,34,75,43,72,281,672,30.5,1703,44,0,0,14,0,0,169,143,65,32,53,6,20,16,0,12,17,19,5,16,41,20,0,16,63,0,24,13,50,131,166,42,37,69,23,46,36,23,19,8,17,41,39,49,99
189,41.31016089,-84.35736395,17214,6,8,14,1,21,2,6,0,0,0,3,Defiance,OH,Defiance County,958100,3047,545,82198,7,8,17,28,22,41,0,10,16,34,51,51,67,57,102,34,407,138,46.4,1469,44,92,36,0,4,0,10,86,5,41,1,100,40,105,31,29,26,7,10,27,9,0,29,41,28,34,6,0,0,13,43,16,42,122,18,107,74,49,9,34,7,40,35,10,9
164,38.29916381,-85.55390081,15864,10,28,0,0,1,6,13,22,2,1,6,Louisville,KY,Jefferson County,10309,1000,588,103022,14,52,10,1,0,43,25,18,26,5,41,32,163,37,32,89,321,267,57.9,1151,7,3,1,3,0,0,61,108,18,44,41,19,20,39,3,31,0,31,38,19,12,9,7,15,12,16,1,0,2,1,29,4,22,12,24,44,34,27,125,2,24,53,29,72,77
275,43.11025899,-88.24282885,20143,1,0,0,0,1,1,3,0,0,2,8,Pewaukee,WI,Waukesha County,203304,3001,291,134925,0,0,0,0,0,0,9,0,13,0,0,27,39,83,56,64,271,20,36,934,28,61,22,0,0,0,24,9,42,56,0,81,10,51,0,19,0,0,7,0,0,0,29,29,41,49,11,15,0,23,13,40,39,32,111,6,20,0,21,0,6,0,9,0,0
262,41.60472957,-87.79085086,20173,8,20,1,30,1,7,7,0,1,12,3,Orland Park,IL,Cook County,824508,1018,667,61397,0,17,16,67,38,116,14,0,30,26,59,60,26,101,43,54,346,321,57.6,1260,48,30,0,20,0,0,0,69,19,16,30,32,28,97,18,52,12,39,0,16,0,32,18,31,0,11,0,0,0,15,44,0,44,4,17,78,88,96,10,28,119,32,0,32,31
61,39.49954343,-84.33150626,17702,13,23,3,43,2,8,5,1,4,0,4,Middletown,OH,Warren County,30700,4038,753,58603,26,57,0,22,20,96,11,95,42,17,108,95,146,5,13,0,387,366,39.7,1550,0,90,0,6,0,0,36,121,42,40,0,5,0,87,0,34,17,40,111,31,10,0,29,123,52,28,23,0,0,20,80,92,0,0,27,0,47,0,16,62,112,146,0,11,12
235,40.22815059,-83.33699678,20117,5,13,0,70,4,4,5,0,0,0,2,Marysville,OH,Union County,50602,1041,910,65515,11,3,49,53,19,31,74,61,37,85,101,195,150,27,14,0,542,368,36.4,2083,69,107,29,0,0,49,51,105,34,130,44,105,36,111,15,33,23,25,96,25,18,9,88,31,43,19,10,0,0,63,122,84,78,32,26,57,18,26,41,34,16,88,28,7,0
276,42.98611041,-88.21945741,19207,10,16,1,0,6,5,3,3,0,2,4,Waukesha,WI,Waukesha County,202103,1035,846,100644,19,14,14,3,13,0,6,5,0,180,68,84,158,71,87,124,528,318,43.7,1786,21,52,73,13,50,0,36,27,39,121,47,95,61,46,33,27,32,19,78,7,24,12,45,36,56,19,0,0,20,46,27,65,30,70,35,72,53,0,32,117,10,50,15,7,44
168,38.99735543,-84.42169647,17877,4,7,1,19,0,4,2,2,3,0,2,Cold Spring,KY,Campbell County,53100,4026,854,69167,0,53,31,80,32,0,13,36,38,68,123,133,96,14,107,30,503,351,52.1,1654,14,16,0,0,29,13,13,51,83,0,18,20,128,76,0,16,29,71,62,0,17,0,92,0,17,18,0,0,55,109,103,103,0,35,0,40,85,89,17,40,71,48,16,34,0
304,44.0763568,-87.71135032,11817,10,16,0,8,11,9,5,1,4,1,3,Manitowoc,WI,Manitowoc County,600,5019,669,61989,39,40,17,62,11,3,20,0,107,18,99,54,170,8,9,12,308,361,50.1,1769,73,8,39,0,0,125,19,60,25,53,16,34,92,87,14,29,142,0,40,13,14,12,50,62,0,16,10,79,0,76,64,17,0,17,5,11,70,5,36,18,57,16,78,58,102