StoreID,latitude,longitude,visits,Grocery_Stores_1mile,Food_Outlets_1mile,Educational_Institutions_1mile,Residential_Housing_1mile,Commercial_Housing_1mile,Fuel_Stations_Car_Wash_1mile,Hospitals_3miles,Apparels_3miles,Tourist_Destinations_5miles,Hotels_5miles,Airports_5miles,City,State,County,Census Tract Code,Census Block Code,Total_Population,Total_Households,Family_Households,Non_Family_Households,Median_Household_Income,Household_Income_Under50k,Household_Income_50to100k,Household_Income_100to200k,Household_Income_200k+,Median_Age,Population_Male_Under15,Population_Male_15to64,Population_Male_65+,Population_Female_Under15,Population_Female_15to64,Population_Female_65+,Driving Distance to Nearest Motorway,Duration to Nearest Motorway,Traffic (AADT)
19,43.19287695,-86.26128199,33029,14,29,3,16,19,8,7,1,5,1,6,Norton Shores,MI,Muskegon County,2400,1008,2399,519,304,215,52847,251,197,61,10,32.7,236,732,125,160,915,231,3.3 mi,8 mins,13943
20,43.00796082,-85.69168723,33513,7,20,0,7,7,5,9,1,5,2,6,Grand Rapids,MI,Kent County,11502,1014,1645,1023,781,242,93080,308,241,420,54,34.9,35,511,267,60,441,331,0.7 mi,3 mins,20324
21,42.32323958,-85.51548986,37185,6,28,1,75,0,7,2,0,3,0,6,Kalamazoo,MI,Kalamazoo County,2204,1008,927,438,168,270,46365,288,95,55,0,27.8,65,375,42,64,300,81,12.3 mi,18 mins,4852
22,42.24244151,-85.58724579,36144,8,24,5,24,4,6,7,9,4,2,6,Portage,MI,Kalamazoo County,3500,4022,2308,736,448,288,54375,347,164,190,35,37.9,221,673,139,328,809,138,0.6 mi,3 mins,32726
23,42.73906827,-84.62387577,32024,13,49,8,146,37,7,13,10,13,8,7,Lansing,MI,Eaton County,20102,1000,937,838,178,660,43247,487,238,113,0,29.2,152,300,48,93,232,112,3.9 mi,7 mins,29597
25,42.71909696,-84.42469868,42797,18,40,7,61,81,5,17,4,4,3,1,Okemos,MI,Ingham County,4903,1050,1519,1118,633,485,80000,339,369,363,47,30.9,70,421,251,17,410,350,17.1 mi,21 mins,6621
26,42.90454191,-85.79482275,30407,6,9,5,43,20,5,3,7,1,1,4,Jenison,MI,Ottawa County,21603,3001,2317,487,391,96,66771,136,288,63,0,40.4,325,574,177,236,646,359,0.9 mi,4 mins,13704
27,42.23362288,-83.67649675,28907,9,16,3,49,12,5,21,15,12,19,8,Ypsilanti,MI,Washtenaw County,414500,4000,982,0,0,0,0,0,0,0,0,0,88,198,109,190,332,65,3.9 mi,8 mins,18535
29,42.99370053,-83.63049739,27079,3,7,3,0,1,2,4,0,1,0,2,Burton,MI,Genesee County,11508,2000,2958,668,108,560,23067,604,55,0,9,51.5,155,882,266,311,943,401,3.5 mi,7 mins,21125
32,42.31941532,-83.48453143,34141,16,30,3,53,3,6,15,3,1,6,3,Canton,MI,Wayne County,564200,3000,2187,0,0,0,0,0,0,0,0,0,205,623,287,189,543,340,2.2 mi,7 mins,14336
33,44.74302258,-85.64459259,50808,10,22,8,34,1,6,10,40,4,3,8,Traverse City,MI,Grand Traverse County,551400,1040,1524,685,392,293,88087,209,203,224,49,59.7,43,334,240,172,511,224,34.5 mi,43 mins,4030
34,42.53913595,-83.18177121,33612,15,25,4,270,14,7,29,101,44,16,3,Royal Oak,MI,Oakland County,183000,3000,1936,0,0,0,0,0,0,0,0,0,21,635,110,81,907,182,2.7 mi,7 mins,22036
35,42.2004387,-83.26154501,31082,18,37,6,125,1,9,31,28,7,6,16,Taylor,MI,Wayne County,584501,2012,1882,584,420,164,68000,255,205,124,0,33.9,47,784,125,94,647,185,3.6 mi,8 mins,1616
36,42.86370457,-85.68079292,36546,9,6,0,0,1,5,14,3,0,2,1,Wyoming,MI,Kent County,14505,2017,2126,708,474,234,67560,309,272,127,0,41.2,122,716,235,168,715,170,0.3 mi,2 mins,34661
41,42.08203304,-86.42199087,32184,10,3,1,3,1,7,2,1,0,5,3,Benton Harbor,MI,Berrien County,2100,3033,2719,416,182,234,24338,345,61,10,0,43.9,283,836,198,334,1013,55,0.5 mi,2 mins,8477
42,43.41824631,-84.07955353,34356,4,12,5,1,0,3,0,1,0,0,0,Saginaw,MI,Saginaw County,12003,1001,2497,760,425,335,84808,273,300,105,82,46.5,75,728,280,258,833,323,8.3 mi,18 mins,6079
43,43.48254906,-83.98256323,39158,16,39,1,0,5,6,11,24,1,1,3,Saginaw,MI,Saginaw County,10200,1053,1898,518,384,134,73438,153,200,143,22,20.7,130,532,227,204,594,211,7.1 mi,11 mins,7034
44,42.94668427,-83.72865248,35607,4,10,0,0,6,4,3,4,0,0,5,Flint,MI,Genesee County,12904,1040,3,780,574,206,76379,165,348,239,28,54.4,0,0,0,0,3,0,4.3 mi,7 mins,22775
45,41.87690541,-84.0357897,29318,9,27,2,0,2,7,5,2,0,0,4,Adrian,MI,Lenawee County,61600,2023,0,670,312,358,38300,421,217,32,0,32,0,0,0,0,0,0,21.5 mi,28 mins,19788
46,42.53868958,-83.78878844,28000,9,25,3,0,4,8,7,3,1,3,3,Brighton,MI,Livingston County,741100,3002,963,459,79,380,42113,268,133,47,11,57.8,0,503,14,43,322,81,0.9 mi,5 mins,7573
47,42.78116925,-86.0754052,38000,8,9,4,0,3,8,4,18,4,6,2,Holland,MI,Ottawa County,25200,4002,0,773,469,304,51440,322,346,105,0,25.9,0,0,0,0,0,0,2.0 mi,5 mins,17576
48,43.62126067,-83.93410214,32208,4,6,1,0,1,2,5,2,0,0,1,Bay City,MI,Bay County,285800,5001,3462,383,292,91,124205,73,111,179,20,40.7,48,1121,122,55,1992,124,0.5 mi,3 mins,4973
50,42.91602229,-85.53218501,45611,7,24,0,44,5,5,2,10,2,3,5,Grand Rapids,MI,Kent County,12201,2016,724,1041,625,416,90810,291,370,276,104,49.2,0,381,10,0,281,52,0.4 mi,2 mins,31137
51,41.05701845,-83.59988298,25098,15,41,1,63,20,12,13,20,3,7,5,Findlay,OH,Hancock County,600,5037,1229,1087,656,431,58159,443,443,127,74,51.4,86,404,129,73,353,184,6.4 mi,13 mins,7190
52,42.76296458,-84.50041347,47528,5,21,3,171,21,6,12,20,15,5,8,East Lansing,MI,Ingham County,3802,1015,1817,1122,147,975,30932,859,171,92,0,24.9,185,886,0,126,620,0,0.4 mi,2 mins,5201
53,42.65311273,-83.36830099,34236,7,9,4,0,1,4,15,2,9,0,10,Waterford,MI,Oakland County,144701,1001,891,461,133,328,42159,314,63,84,0,45.9,41,339,53,97,316,45,10.2 mi,18 mins,34540
54,42.435589,-83.43730603,29137,8,33,3,297,10,5,19,1,14,9,4,Northville,MI,Wayne County,560202,1002,697,469,230,239,126950,0,44,285,140,58.1,0,402,44,19,178,54,0.3 mi,2 mins,641
55,42.56276286,-83.02625432,26447,6,17,2,4,1,4,10,0,8,3,3,Sterling Heights,MI,Macomb County,231800,2015,2095,613,423,190,75464,213,208,129,63,37.8,168,672,217,200,613,225,3.1 mi,8 mins,37438
56,42.25473373,-84.35960021,37206,4,5,0,0,1,2,10,3,0,0,3,Michigan Center,MI,Jackson County,6001,2009,1382,295,213,82,51042,135,150,10,0,44.5,14,550,172,47,534,65,0.4 mi,2 mins,5913
57,42.6340698,-83.12868664,31979,11,23,1,48,0,6,10,1,5,0,3,Rochester Hills,MI,Oakland County,193700,4000,699,470,273,197,69583,159,145,97,69,44.9,119,167,51,112,184,66,5.3 mi,10 mins,102382
58,40.09260429,-83.09417809,21193,13,33,1,301,5,10,11,12,11,9,8,Dublin,OH,Franklin County,6302,2009,1132,623,422,201,0,124,216,246,37,30.4,0,298,134,60,352,288,1.2 mi,4 mins,1688
61,39.49954343,-84.33150626,17702,13,23,3,43,2,8,5,1,4,0,4,Middletown,OH,Warren County,30700,4038,0,753,387,366,58603,369,220,164,0,39.7,0,0,0,0,0,0,9.1 mi,13 mins,8006
64,42.23935876,-83.76608804,45571,10,30,1,38,11,4,26,55,10,19,7,Ann Arbor,MI,Washtenaw County,414700,1011,1692,1048,410,638,89286,269,316,326,137,35.2,118,601,113,160,562,138,0.5 mi,3 mins,8120
65,42.62999451,-82.9765643,30911,13,41,4,87,1,7,20,11,4,2,3,Shelby Township,MI,Macomb County,227300,2002,1310,668,192,476,31635,443,103,102,20,71.6,41,401,129,226,413,100,2.9 mi,7 mins,5531
66,39.94281484,-83.83017692,30421,10,5,1,0,2,4,8,0,1,1,4,Springfield,OH,Clark County,1900,1018,1623,484,243,241,44767,285,126,73,0,30,132,585,223,57,364,262,0.9 mi,4 mins,13515
67,41.94488217,-83.39950366,37353,11,23,0,4,6,7,11,4,3,0,3,Monroe,MI,Monroe County,831400,4000,595,639,329,310,29362,411,161,50,17,32.1,23,194,54,51,219,54,6.5 mi,11 mins,7800
68,42.33258995,-83.40574584,33122,12,25,1,377,5,9,17,2,6,6,4,Westland,MI,Wayne County,568900,2000,1289,503,195,308,54125,223,130,136,14,59,38,456,34,145,532,84,2.2 mi,5 mins,23786
69,43.61459478,-84.76481226,53618,6,12,5,0,12,5,5,2,1,0,4,Mount Pleasant,MI,Isabella County,940300,3003,2894,396,232,164,62222,131,211,31,23,33.4,217,1096,201,293,937,150,0.4 mi,2 mins,1700
70,42.14411383,-83.23008222,32868,17,48,1,68,4,9,25,9,6,5,9,Woodhaven,MI,Wayne County,982102,1002,1684,0,0,0,0,0,0,0,0,0,67,610,72,94,720,121,0.9 mi,4 mins,12377
71,43.28340485,-86.22032071,33285,3,1,0,0,1,2,4,0,7,1,3,Muskegon,MI,Muskegon County,1800,1010,1396,833,640,193,56831,316,367,141,9,44.9,150,341,111,130,452,212,0.9 mi,3 mins,2952
102,39.68544956,-84.13258156,32282,4,15,3,41,11,2,14,39,5,0,4,Dayton,OH,Montgomery County,21601,2002,1761,434,322,112,68500,100,232,85,17,36.6,110,533,147,114,432,425,3.2 mi,9 mins,15294
103,39.67081309,-84.21875523,21414,4,8,0,2,0,3,4,38,4,8,3,Dayton,OH,Montgomery County,50105,1005,1343,960,451,509,55694,408,347,205,0,47,9,433,143,103,388,267,5.5 mi,9 mins,19297
104,39.98401329,-83.15432202,30215,14,39,1,205,26,9,11,5,4,5,3,Hilliard,OH,Franklin County,7966,2017,1022,1448,994,454,67045,489,535,273,151,28.6,159,283,59,129,251,141,0.6 mi,3 mins,13631
105,42.67673772,-82.83565425,27301,13,14,2,23,4,7,6,1,36,1,12,Chesterfield,MI,Macomb County,222103,2003,1943,788,394,394,50519,383,325,80,0,28.8,73,533,203,70,788,276,2.0 mi,8 mins,7723
106,39.85796714,-84.27510735,32004,4,9,0,1,0,5,2,0,2,5,7,Englewood,OH,Montgomery County,120102,1001,1232,565,427,138,93036,117,171,162,115,43.8,55,347,123,145,420,142,0.5 mi,3 mins,27677
107,39.77749915,-84.07368119,28745,5,33,32,87,38,6,10,33,4,6,8,Fairborn,OH,Greene County,210101,2004,1793,1327,564,763,101134,316,323,467,221,34.1,70,509,206,113,612,283,2.5 mi,6 mins,2711
108,43.66319811,-84.24318594,39915,10,22,4,3,16,8,22,3,2,2,7,Midland,MI,Midland County,291104,3018,1573,869,642,227,80924,194,306,152,217,47.8,33,858,41,129,423,89,7.2 mi,11 mins,4461
109,42.54763013,-83.4421881,26874,11,19,1,0,3,7,10,0,38,5,6,Commerce Township,MI,Oakland County,134800,1001,782,454,293,161,73906,158,110,147,39,36.2,30,239,96,84,228,105,3.5 mi,6 mins,27250
110,40.77149489,-84.16157665,35039,4,4,24,0,1,0,2,1,2,0,4,Lima,OH,Allen County,11000,4003,704,734,427,307,42244,424,138,172,0,54.4,28,306,16,64,270,20,6.1 mi,11 mins,13904
111,40.57874907,-83.07203305,26075,11,22,9,0,38,3,9,1,0,4,5,Marion,OH,Marion County,10100,1045,2033,630,518,112,89265,218,116,209,87,37.6,117,634,274,77,688,243,14.6 mi,16 mins,2271
112,40.05454335,-84.24347386,21545,7,21,0,9,3,7,5,0,0,0,7,Troy,OH,Miami County,365001,2005,1077,472,224,248,48816,245,144,64,19,48.9,41,272,52,177,483,52,0.7 mi,3 mins,32866
113,43.00180653,-84.11582073,26850,4,7,0,118,23,3,4,1,1,0,5,Owosso,MI,Shiawassee County,31700,2017,0,351,201,150,48063,191,104,56,0,50.7,0,0,0,0,0,0,8.7 mi,14 mins,6777
114,40.06087198,-82.86011521,26635,11,47,0,107,2,7,7,50,2,7,5,Columbus,OH,Franklin County,7209,2024,2363,888,382,506,86786,133,351,387,17,31.3,133,755,159,222,699,395,5.5 mi,11 mins,19984
115,41.57936999,-83.66690133,32061,5,24,1,0,4,9,4,7,4,7,4,Maumee,OH,Lucas County,7104,2004,1168,490,234,256,96250,167,88,231,4,53.4,57,414,81,125,421,70,0.7 mi,3 mins,15036
116,41.61896444,-83.48239749,35154,2,15,2,0,5,5,7,0,1,2,11,Oregon,OH,Lucas County,10100,4005,1299,404,80,324,29318,359,38,7,0,44.9,142,365,55,214,485,38,2.3 mi,5 mins,3085
117,41.67649588,-83.71829306,35322,4,32,2,54,2,4,9,1,1,3,4,Toledo,OH,Lucas County,9206,1010,1701,659,444,215,83321,222,215,168,54,41.4,121,604,144,223,437,172,6.6 mi,12 mins,32712
118,41.72044168,-83.51057651,30613,4,7,1,8,0,6,4,2,0,3,6,Toledo,OH,Lucas County,5602,1017,770,325,207,118,45513,207,53,65,0,48.7,0,191,0,0,535,44,0.8 mi,3 mins,17242
119,42.29867703,-85.67941605,49590,3,4,1,12,1,2,4,3,3,1,1,Kalamazoo,MI,Kalamazoo County,2908,3029,2022,905,633,272,112250,240,180,287,198,41.3,156,598,125,179,724,240,0.9 mi,3 mins,19078
120,41.72635176,-86.28571362,28768,2,6,2,1,1,4,6,2,3,11,10,South Bend,IN,St. Joseph County,11002,3019,1873,1413,639,774,58661,638,397,378,0,38.1,164,478,117,161,817,136,4.5 mi,11 mins,18810
121,41.70658627,-86.18558266,38938,18,50,2,5,8,8,22,11,4,14,5,Mishawaka,IN,St. Joseph County,11505,1020,2161,328,301,27,103125,59,90,139,40,39.3,100,808,152,227,643,231,10.8 mi,16 mins,27703
122,42.49778209,-83.54129001,26289,10,12,2,0,6,8,9,1,15,4,4,Wixom,MI,Oakland County,133102,2003,687,433,250,183,48315,232,166,35,0,36.6,17,296,69,23,153,129,1.0 mi,5 mins,16872
123,42.19124216,-83.18477138,39309,15,40,9,55,8,10,73,25,19,5,1,Southgate,MI,Wayne County,582000,4003,1600,479,190,289,40598,312,154,0,13,28.4,113,369,195,218,422,283,3.8 mi,10 mins,11904
124,41.13786323,-85.16597617,33209,5,22,0,1,58,9,3,3,34,22,15,Fort Wayne,IN,Allen County,10604,2012,1115,515,261,254,39542,352,146,9,8,25.6,0,529,59,66,410,51,0.7 mi,3 mins,7410
126,40.78962014,-82.59337341,36760,9,14,8,164,19,4,14,13,4,6,8,Mansfield,OH,Richland County,2300,5023,929,623,529,94,56188,285,118,133,87,42.8,18,252,112,76,283,188,0.6 mi,3 mins,1967
127,41.62485797,-85.90991276,30717,8,14,0,0,3,1,0,2,2,1,2,Elkhart,IN,Elkhart County,2001,2010,1903,828,544,284,50667,410,224,127,67,72.1,100,585,76,156,841,145,2.5 mi,6 mins,4875
128,41.62777553,-86.17230762,31449,3,3,0,42,1,3,7,2,5,2,0,Mishawaka,IN,St. Joseph County,11704,2015,1455,1049,337,712,55134,504,414,113,18,29.4,151,490,114,93,483,124,5.2 mi,8 mins,2991
129,39.82625963,-86.25178418,24556,18,29,5,0,0,9,2,1,3,4,6,Indianapolis,IN,Marion County,310306,2020,0,192,133,59,9500,175,17,0,0,18.7,0,0,0,0,0,0,1.6 mi,4 mins,19321
130,39.97350566,-86.15260993,32428,2,22,1,133,61,4,31,39,2,13,5,Carmel,IN,Hamilton County,111012,3005,0,724,283,441,74318,209,211,261,43,32.8,0,0,0,0,0,0,2.7 mi,5 mins,6954
131,39.77426113,-85.96372355,28935,5,9,1,53,1,4,4,2,2,1,1,Indianapolis,IN,Marion County,360501,4011,773,560,278,282,59307,141,257,162,0,30.6,80,235,86,14,294,64,11.1 mi,16 mins,22655
132,39.61430975,-86.16198608,29618,7,26,2,0,1,6,8,3,1,2,5,Greenwood,IN,Johnson County,610605,2002,779,1113,805,308,61188,424,270,343,76,39.8,0,324,8,35,338,74,3.8 mi,9 mins,21012
133,39.76113829,-86.32979394,32235,6,33,0,0,4,3,9,1,5,0,19,Avon,IN,Hendricks County,210614,3015,1276,766,613,153,73788,120,442,204,0,30.8,28,633,87,87,338,103,8.0 mi,15 mins,13751
134,39.66352347,-86.07739667,36182,6,7,0,16,24,3,8,0,1,2,6,Indianapolis,IN,Marion County,390405,2000,1899,349,260,89,57361,148,63,138,0,41.6,140,621,172,278,557,131,5.3 mi,9 mins,124951
135,39.43123157,-84.59693799,23041,5,23,2,6,0,4,5,1,0,0,3,Hamilton,OH,Butler County,1002,4011,878,364,77,287,42826,275,42,47,0,46,15,211,138,53,206,255,6.4 mi,16 mins,7080
136,40.04894663,-85.64864427,32420,3,8,0,0,1,1,1,0,1,0,3,Anderson,IN,Madison County,1802,1027,411,882,504,378,38780,568,141,173,0,46.8,0,63,30,27,142,149,0.6 mi,2 mins,2232
137,40.41485324,-86.81263453,34581,6,18,1,32,9,7,12,5,2,16,3,Lafayette,IN,Tippecanoe County,10800,1021,0,1027,386,641,46528,538,273,166,50,51.1,0,0,0,0,0,0,8.1 mi,12 mins,6702
138,41.13377236,-85.01267927,35076,5,14,0,0,9,3,5,0,3,0,2,Fort Wayne,IN,Allen County,10808,3003,997,404,237,167,77083,116,194,63,31,40.7,25,107,147,184,527,7,8.0 mi,13 mins,4355
139,40.22114226,-85.45892992,37388,5,2,0,78,6,4,5,1,5,0,8,Muncie,IN,Delaware County,2502,2021,1360,624,403,221,50694,297,206,67,54,49.3,0,451,148,78,441,242,7.4 mi,13 mins,30668
140,43.04105621,-83.3265686,38925,9,25,3,4,1,5,3,2,0,0,3,Lapeer,MI,Lapeer County,337000,4006,1503,337,168,169,50268,167,150,20,0,39.3,79,381,79,148,602,214,1.6 mi,4 mins,24485
141,40.47427602,-86.10084257,39040,10,14,2,0,9,7,4,1,1,2,8,Kokomo,IN,Howard County,1300,2010,966,849,608,241,68665,301,408,115,25,39.2,77,329,58,121,314,67,0.9 mi,2 mins,6684
142,41.41167571,-82.66313365,25668,8,35,0,0,58,8,5,6,41,3,4,Sandusky,OH,Erie County,41900,2019,638,1053,680,373,85231,307,334,284,128,47.5,0,212,41,55,231,99,1.0 mi,4 mins,5575
143,40.16105136,-83.02280826,20796,7,22,3,23,2,6,10,6,4,14,2,Lewis Center,OH,Delaware County,11520,1008,1192,1078,803,275,114778,228,212,475,163,47.1,61,334,59,220,397,121,4.7 mi,9 mins,14404
144,39.75023011,-82.65495619,25280,3,6,1,0,14,5,6,10,3,0,5,Lancaster,OH,Fairfield County,30901,3063,1303,258,153,105,67304,61,128,69,0,65.4,49,288,280,21,334,331,7.6 mi,13 mins,2293
145,42.55071118,-82.96267866,37741,11,6,4,5,4,6,16,2,6,0,4,Fraser,MI,Macomb County,254100,1000,1758,804,520,284,99583,204,199,269,132,50.6,54,408,182,190,590,334,3.8 mi,11 mins,21112
146,40.14510892,-88.26078535,36004,15,34,1,52,9,9,21,14,4,5,5,Champaign,IL,Champaign County,800,3006,2548,556,194,362,77578,54,316,150,36,32.5,37,807,51,463,856,334,0.7 mi,4 mins,
147,39.35736332,-84.37604297,25718,16,56,2,8,1,10,10,12,3,1,3,West Chester,OH,Butler County,11125,1011,1510,640,454,186,173977,106,109,199,226,52.1,137,422,141,170,475,165,2.5 mi,5 mins,8426
148,39.09845478,-84.26468225,25019,14,37,2,51,4,9,4,4,7,0,4,Cincinnati,OH,Clermont County,41307,2072,2638,784,459,325,50375,389,218,174,3,34.8,108,825,385,283,631,406,1.6 mi,5 mins,5840
149,41.67518188,-86.88986771,32015,18,37,2,32,3,13,11,47,28,8,3,Michigan City,IN,Laporte County,41400,2006,2301,563,208,355,33019,464,91,8,0,25.1,117,857,115,259,831,122,1.0 mi,4 mins,73644
150,39.29233058,-84.29251509,22055,10,26,3,119,44,7,16,18,21,5,3,Loveland,OH,Warren County,32011,1001,1398,734,264,470,65459,186,453,95,0,30.2,112,498,107,71,536,74,1.7 mi,6 mins,26998
151,39.01147431,-84.63836966,19129,13,39,0,68,15,9,13,10,3,6,21,Florence,KY,Boone County,70311,1022,1748,630,392,238,53309,293,283,54,0,43.7,57,576,190,116,497,312,1.0 mi,3 mins,
152,39.95184372,-86.34247867,25011,8,33,1,9,2,7,1,1,0,0,1,Zionsville,IN,Boone County,810607,1017,2356,1244,901,343,100769,172,446,368,258,28.7,93,861,117,212,878,195,0.8 mi,3 mins,29380
153,40.52152834,-85.67720935,31735,4,4,16,0,0,3,1,0,0,0,3,Marion,IN,Grant County,10200,1037,1060,573,449,124,60757,227,186,160,0,35.6,0,262,193,80,260,265,8.7 mi,16 mins,13427
154,39.92563907,-86.02040953,26749,8,29,1,0,8,9,16,6,2,2,6,Indianapolis,IN,Marion County,330109,3000,1798,619,314,305,65625,223,132,240,24,48.4,269,553,109,231,582,54,0.6 mi,4 mins,26447
155,39.86822996,-84.88536053,31771,3,7,8,0,0,3,2,2,1,1,1,Richmond,IN,Wayne County,400,1035,1134,1052,729,323,53929,505,285,223,39,44.7,42,340,102,67,360,223,0.5 mi,2 mins,3234
156,41.37710642,-83.60755419,21194,5,10,8,71,9,4,13,7,3,5,5,Bowling Green,OH,Wood County,22500,2018,1894,504,304,200,68250,198,175,102,29,32.2,49,689,110,145,734,167,0.6 mi,2 mins,4395
157,39.19718367,-84.23758844,25084,8,24,6,11,1,8,8,1,19,0,1,Milford,OH,Clermont County,40403,1009,1150,1090,759,331,61721,488,279,265,58,35.2,109,367,71,67,427,109,1.5 mi,5 mins,27709
158,42.9966672,-85.59439066,51459,5,35,11,8,1,4,17,0,4,3,7,Grand Rapids,MI,Kent County,11803,3008,2372,967,674,293,126169,230,196,179,362,41.9,102,643,285,203,742,397,1.8 mi,4 mins,13114
159,39.30534399,-84.52719651,31078,8,25,1,835,4,7,10,2,5,0,7,Fairfield,OH,Butler County,10907,1010,1040,878,537,341,63750,398,174,212,94,38.2,38,230,118,125,380,149,0.6 mi,3 mins,36098
160,38.18800326,-85.60792269,24857,2,4,0,0,0,2,9,4,2,0,3,Louisville,KY,Jefferson County,11114,3001,2524,422,285,137,58357,199,99,124,0,67.1,58,705,434,301,922,104,3.9 mi,12 mins,
161,38.01880911,-84.42222391,28556,11,36,1,17,2,8,13,5,4,10,6,Lexington,KY,Fayette County,3908,4052,899,746,427,319,85870,283,112,264,87,33.2,9,139,181,27,112,431,1.9 mi,9 mins,
162,38.11157721,-85.86098372,23496,5,14,8,9,1,4,5,0,0,0,1,Louisville,KY,Jefferson County,12105,4007,4474,298,128,170,46538,154,100,44,0,26.1,194,1456,298,544,1538,444,1.5 mi,5 mins,
164,38.29916381,-85.55390081,15864,10,28,0,0,1,6,13,22,2,1,6,Louisville,KY,Jefferson County,10309,1000,1457,588,321,267,103022,189,78,232,89,57.9,161,434,68,221,407,166,3.3 mi,8 mins,
165,41.46773333,-87.34556495,40448,5,14,1,0,1,4,8,4,2,7,6,Merrillville,IN,Lake County,42509,2002,3728,620,354,266,64923,178,327,115,0,39.2,409,1051,51,398,1707,112,1.1 mi,4 mins,16960
166,38.11242274,-85.67959147,25383,3,0,0,0,0,3,4,2,0,1,7,Louisville,KY,Jefferson County,11909,2013,810,648,493,155,64779,195,342,111,0,35.4,24,249,123,17,278,119,0.6 mi,3 mins,
167,38.32327017,-85.70907923,22059,5,8,1,20,0,6,2,0,11,0,4,Jeffersonville,IN,Clark County,50603,2000,1322,592,286,306,43403,337,244,11,0,45.8,117,356,58,140,590,61,2.2 mi,7 mins,23445
168,38.99735543,-84.42169647,17877,4,7,1,19,0,4,2,2,3,0,2,Cold Spring,KY,Campbell County,53100,4026,2575,854,503,351,69167,283,324,217,30,52.1,150,985,236,191,858,155,4.1 mi,10 mins,
169,41.70092412,-88.12752492,26157,10,38,1,0,9,4,7,1,1,11,8,Bolingbrook,IL,Will County,880122,2000,962,400,362,38,129309,21,34,277,68,37.6,41,240,77,43,418,143,6.0 mi,13 mins,
170,41.52855792,-87.47407657,38565,11,17,2,0,2,5,14,5,4,12,6,Highland,IN,Lake County,40502,2013,1834,695,371,324,81932,160,298,208,29,53.9,150,755,126,125,476,202,3.5 mi,9 mins,7706
171,44.2839134,-85.40478726,32013,8,14,0,0,1,8,5,1,1,0,2,Cadillac,MI,Wexford County,380500,1015,1042,649,529,120,51365,283,289,77,0,38.7,47,361,59,70,415,90,18.4 mi,19 mins,10388
172,42.59057693,-83.87680774,33624,6,15,2,18,6,5,3,2,0,2,6,Howell,MI,Livingston County,742403,3013,2436,477,309,168,83836,146,123,190,18,30.6,216,857,93,367,771,132,0.9 mi,4 mins,5466
173,42.28568575,-83.84177473,36663,4,15,1,5,3,6,3,0,4,4,0,Ann Arbor,MI,Washtenaw County,455000,4000,2338,479,353,126,140197,29,127,176,147,41,317,679,194,322,530,296,5.4 mi,8 mins,16459
174,42.56552504,-84.44551874,33995,4,6,2,14,1,2,1,1,0,0,2,Mason,MI,Ingham County,6302,1027,1295,1063,623,440,64375,403,331,314,15,44.7,65,390,50,232,447,111,6.1 mi,8 mins,1870
175,41.93403729,-85.65504627,27090,7,10,2,11,13,6,2,0,0,0,3,Three Rivers,MI,St. Joseph County,41102,3014,1857,284,173,111,69500,126,81,66,11,37.5,126,845,95,196,505,90,37.3 mi,43 mins,5807
176,39.73842991,-89.70178091,29505,4,10,0,18,60,2,4,13,4,13,2,Springfield,IL,Sangamon County,3603,2047,0,845,580,265,160689,73,164,302,306,48.6,0,0,0,0,0,0,0.7 mi,2 mins,
177,42.71613853,-83.0321395,27868,7,10,0,19,1,4,3,0,6,0,1,Washington,MI,Macomb County,215300,2025,1410,923,600,323,73125,237,357,295,34,43.4,20,643,38,78,552,79,0.8 mi,3 mins,45211
178,41.76787959,-88.20946516,28992,18,59,2,148,60,9,27,13,5,17,6,Aurora,IL,Dupage County,846509,3000,1133,1337,964,373,120212,69,421,569,278,33.4,83,347,72,91,392,148,3.7 mi,11 mins,
179,41.93761495,-84.95942217,30218,7,2,0,0,1,3,3,0,0,0,5,Coldwater,MI,Branch County,951301,1029,1757,538,324,214,62813,234,154,102,48,41.2,98,554,143,112,615,235,1.0 mi,4 mins,2501
180,43.03927805,-86.21685178,32063,7,14,1,2,1,5,3,0,2,0,4,Grand Haven,MI,Ottawa County,21204,3011,1378,436,171,265,59321,84,287,65,0,30.9,122,468,60,173,448,107,3.5 mi,8 mins,6133
181,40.15061267,-82.92538021,34761,4,22,0,17,7,3,7,6,1,13,3,Westerville,OH,Delaware County,11762,1009,3348,565,469,96,112135,75,154,254,82,28.5,309,1042,150,259,1249,339,3.2 mi,9 mins,21489
182,41.90077437,-88.34366785,33594,10,24,1,10,8,7,13,8,3,5,7,Saint Charles,IL,Kane County,852204,1029,1546,684,548,136,131429,64,112,401,107,33.5,9,303,504,10,207,513,9.1 mi,18 mins,
183,42.01191187,-88.33390062,24959,4,14,16,0,2,6,7,0,6,8,4,Elgin,IL,Kane County,851908,3007,1153,697,552,145,83850,65,363,216,53,38.4,42,474,99,85,375,78,3.4 mi,8 mins,
184,37.9962746,-84.53123263,23396,10,46,4,9,11,7,38,12,8,7,9,Lexington,KY,Fayette County,4204,1003,2277,710,351,359,59826,239,289,132,50,42.5,142,921,100,215,793,106,1.4 mi,7 mins,
185,42.70567306,-83.28715872,39373,11,13,0,0,1,8,8,8,4,2,2,Auburn Hills,MI,Oakland County,140500,4000,1394,0,0,0,0,0,0,0,0,0,53,369,188,234,388,162,0.7 mi,3 mins,30757
186,40.46997347,-86.95677675,30785,5,10,3,171,4,6,7,2,1,3,4,West Lafayette,IN,Tippecanoe County,10206,1005,771,748,523,225,88393,295,126,238,89,53.2,48,340,24,120,211,28,20.4 mi,25 mins,22380
187,43.58267624,-83.83933658,24999,7,12,0,2,0,5,3,0,0,0,5,Bay City,MI,Bay County,285201,5005,2591,727,158,569,28424,598,129,0,0,66.5,83,1354,113,176,763,102,6.5 mi,14 mins,16568
188,42.37748816,-83.33095332,36919,9,32,2,14,61,4,15,5,7,0,4,Livonia,MI,Wayne County,558301,1028,1394,3,0,3,0,3,0,0,0,0,19,438,149,69,442,277,0.6 mi,3 mins,148440
189,41.31016089,-84.35736395,17214,6,8,14,1,21,2,6,0,0,0,3,Defiance,OH,Defiance County,958100,3047,2721,545,407,138,82198,149,136,226,34,46.4,177,752,250,146,944,452,4.0 mi,6 mins,2059
190,41.66929,-84.99658987,22214,5,2,0,0,1,3,1,0,2,1,3,Angola,IN,Steuben County,971300,2006,1071,755,485,270,47439,379,227,149,0,34.2,91,240,101,274,216,149,3.6 mi,9 mins,24777
191,42.45226193,-85.66022865,31888,10,15,0,17,5,9,3,0,1,0,3,Plainwell,MI,Allegan County,32000,3004,416,495,396,99,56875,225,171,99,0,35.5,11,119,23,66,187,10,0.5 mi,3 mins,1429
192,42.2927149,-88.97611976,31109,3,8,1,0,23,4,53,10,4,19,4,Rockford,IL,Winnebago County,512,2007,844,561,311,250,65439,111,303,87,60,33.9,36,289,53,31,258,177,5.4 mi,9 mins,
193,43.95867606,-86.37723327,23896,2,5,0,4,0,2,4,2,0,6,3,Ludington,MI,Mason County,950600,3047,2357,638,415,223,61818,232,265,141,0,39.8,73,1096,198,121,654,215,8.3 mi,11 mins,1648
194,42.55537511,-84.81422383,30625,2,0,0,0,0,1,1,0,0,0,2,Charlotte,MI,Eaton County,21002,3009,604,317,253,64,106328,49,101,167,0,54.3,29,134,160,53,151,77,0.4 mi,2 mins,26269
195,42.2632833,-85.17280004,43304,9,8,1,10,0,4,4,0,4,1,4,Battle Creek,MI,Calhoun County,1900,3016,1179,233,167,66,89306,57,76,81,19,40.5,165,331,24,228,294,137,1.0 mi,4 mins,927
196,42.18878719,-85.60324778,35387,4,3,3,26,3,3,6,8,2,1,7,Portage,MI,Kalamazoo County,2002,1013,1170,285,257,28,84653,21,151,106,7,47.4,0,317,174,177,194,308,3.9 mi,9 mins,10984
197,42.84021494,-83.27073324,27614,2,2,2,0,0,1,2,0,0,0,4,Oxford,MI,Oakland County,121000,4005,1804,334,184,150,140333,49,45,220,20,37.4,67,654,100,273,624,86,13.8 mi,21 mins,24023
198,41.95517844,-88.12275946,26251,6,9,1,0,5,2,6,0,2,4,5,Bloomingdale,IL,Dupage County,841112,1028,1234,803,419,384,112411,157,186,271,189,42.8,0,420,86,12,364,352,2.3 mi,7 mins,
199,42.84620782,-85.6197811,42255,6,16,3,111,3,3,9,1,1,1,2,Caledonia,MI,Kent County,14809,1015,1337,1223,879,344,76354,350,395,447,31,42.2,123,665,17,171,313,48,0.7 mi,3 mins,25434
201,43.17450456,-85.27723347,42096,6,9,3,15,2,5,2,0,0,0,2,Greenville,MI,Montcalm County,971300,4005,1445,870,624,246,73636,322,247,254,47,39.7,151,451,174,128,429,112,27.5 mi,30 mins,6135
203,43.69088312,-85.51696478,34922,6,4,1,16,0,4,4,0,2,1,4,Big Rapids,MI,Mecosta County,960702,2018,1514,477,321,156,62974,233,133,83,28,46.1,39,701,57,55,580,82,0.6 mi,3 mins,19422
204,39.63770647,-86.3356715,23407,2,9,0,0,0,2,2,1,0,0,4,Camby,IN,Hendricks County,210608,1004,1338,667,388,279,66336,246,250,154,17,30.2,118,283,144,175,408,210,5.3 mi,10 mins,2513
205,42.93324508,-85.37447143,27374,4,3,0,0,0,4,1,0,1,0,4,Lowell,MI,Kent County,12003,4001,1449,844,605,239,87891,249,322,255,18,34.5,58,648,58,43,397,245,6.0 mi,11 mins,13105
206,42.17031144,-88.33847774,23875,16,38,2,56,7,9,14,17,0,2,6,Algonquin,IL,McHenry County,871206,4015,1073,789,562,227,128355,94,152,324,219,35.3,55,366,91,163,273,125,12.4 mi,19 mins,
207,40.51255401,-88.94647135,36077,15,38,2,8,17,12,31,18,10,4,6,Normal,IL,McLean County,504,1021,2713,1420,762,658,63194,424,676,253,67,40.2,212,901,134,235,973,258,1.7 mi,4 mins,
208,42.23199708,-83.19630222,31750,15,19,10,52,1,13,89,19,20,6,3,Lincoln Park,MI,Wayne County,577800,3015,2780,405,270,135,57950,190,166,49,0,37.6,294,855,234,43,914,440,2.3 mi,7 mins,4428
209,42.82911435,-84.53700652,29894,5,8,0,0,5,3,2,0,2,2,6,Dewitt,MI,Clinton County,10104,2023,1179,268,183,85,54808,89,108,63,8,51,93,260,114,164,385,163,6.3 mi,10 mins,1035
210,42.73816531,-84.74158761,30794,6,11,0,19,9,7,5,1,1,5,2,Grand Ledge,MI,Eaton County,20404,1005,1608,742,391,351,45948,491,118,82,51,62.9,167,475,126,163,530,147,4.9 mi,10 mins,8902
211,41.5470039,-83.58876923,27568,10,25,0,24,18,11,10,13,3,4,3,Perrysburg,OH,Wood County,20701,1095,1125,291,95,196,49904,146,127,18,0,61.5,109,249,130,149,402,86,3.2 mi,9 mins,10622
212,39.98825484,-82.78807133,27200,8,6,2,164,2,5,4,3,2,3,6,Reynoldsburg,OH,Franklin County,7302,2018,577,1315,894,421,85523,109,772,434,0,38.1,57,171,71,45,159,74,4.9 mi,14 mins,17418
213,43.25293912,-83.76539923,32446,7,22,0,0,2,6,0,48,1,1,1,Birch Run,MI,Saginaw County,13100,3007,1667,245,161,84,59417,111,65,53,16,48.6,74,563,210,89,520,211,11.1 mi,13 mins,3282
214,41.63492532,-88.19976449,23785,5,5,0,0,0,2,9,1,0,6,1,Plainfield,IL,Will County,880411,1033,757,774,605,169,127083,119,136,405,114,35.5,168,154,106,86,169,74,2.5 mi,7 mins,
215,41.72126731,-88.03578226,27571,8,28,2,20,2,12,10,7,1,11,7,Woodridge,IL,Will County,880117,1000,1069,188,132,56,153207,43,24,90,31,35.2,53,276,170,132,265,173,0.7 mi,3 mins,
216,42.96999411,-85.77911911,54147,4,26,0,33,6,6,1,1,1,1,2,Grand Rapids,MI,Kent County,11702,1016,1405,724,562,162,91071,137,244,291,52,31.5,76,499,112,52,566,100,4.0 mi,9 mins,2486
217,42.82889801,-86.09050629,40788,10,34,1,0,3,3,4,19,4,6,0,Holland,MI,Ottawa County,23102,4003,2360,710,341,369,50079,353,298,59,0,31.4,110,809,173,271,678,319,2.0 mi,5 mins,11396
218,42.35991135,-88.27086195,27717,11,27,2,15,1,7,5,5,2,2,3,McHenry,IL,McHenry County,870604,2009,1567,1050,696,354,80395,360,284,231,175,41.5,46,539,177,114,551,140,10.8 mi,17 mins,
219,41.63121453,-87.92778295,23866,7,28,1,4,1,6,4,1,2,1,1,Homer Glen,IL,Will County,881011,2000,1184,624,416,208,103103,179,122,279,44,37.2,40,318,82,147,437,160,14.7 mi,18 mins,
220,38.34927,-85.79309915,32995,4,9,2,0,0,3,5,2,4,0,3,New Albany,IN,Floyd County,71005,3006,1803,353,302,51,78950,108,133,101,11,38.2,101,657,110,123,619,193,7.5 mi,14 mins,4728
221,42.87970736,-85.74861374,36339,11,30,1,13,8,5,10,14,1,3,4,Grandville,MI,Kent County,13200,4020,1043,899,554,345,67446,291,307,301,0,47.8,0,294,49,91,404,205,9.5 mi,13 mins,28756
222,42.52302559,-83.09738035,33525,22,26,5,80,4,11,22,5,46,14,4,Madison Heights,MI,Oakland County,181001,5000,3127,219,32,187,53092,105,104,10,0,57.6,134,1090,204,219,1132,348,3.9 mi,8 mins,26788
223,39.19463749,-84.65766588,28197,2,4,1,522,3,4,5,0,2,0,3,Cincinnati,OH,Hamilton County,20604,3000,956,427,207,220,62514,195,202,30,0,37.3,0,420,51,10,264,211,0.9 mi,4 mins,44916
224,39.16162668,-84.42778835,15051,9,38,2,2309,31,9,15,33,45,2,10,Cincinnati,OH,Hamilton County,27600,1013,1713,862,177,685,70800,239,436,158,29,29.7,92,554,104,244,586,133,3.7 mi,8 mins,10974
227,42.65176541,-83.53182334,22089,4,2,1,0,8,2,3,1,7,0,1,White Lake,MI,Oakland County,130100,2008,775,471,370,101,90417,118,154,141,58,40.5,0,289,98,8,138,242,17.1 mi,26 mins,715
228,42.04792647,-87.99627523,22486,8,21,1,4,8,28,10,8,7,38,7,Rolling Meadows,IL,Cook County,805107,2008,1563,533,218,315,72664,165,301,67,0,35.5,30,565,229,34,514,191,1.7 mi,5 mins,
229,42.90882985,-82.49728907,39864,7,11,4,0,0,7,6,0,2,0,4,Marysville,MI,St. Clair County,637200,2001,1004,368,272,96,76793,74,213,72,9,39.3,0,302,159,20,172,351,10.9 mi,16 mins,4973
230,40.0353005,-85.99136509,32768,13,21,0,6,0,11,11,2,2,0,9,Noblesville,IN,Hamilton County,110513,3030,3147,1723,1351,372,144511,341,227,545,610,40.1,197,1102,22,394,1387,45,1.2 mi,4 mins,29564
231,42.50014987,-83.28234832,32541,3,15,0,140,13,3,6,4,7,1,6,Southfield,MI,Oakland County,160800,3000,771,352,131,221,0,113,108,14,117,31.2,58,189,122,37,236,129,0.9 mi,3 mins,25548
232,43.15651478,-86.20192006,44781,4,18,0,0,18,3,1,0,1,0,5,Muskegon,MI,Muskegon County,2800,1001,2547,729,403,326,65729,274,308,125,22,54.8,102,822,224,229,796,374,0.5 mi,3 mins,9222
233,42.27884594,-83.20417661,44011,15,29,16,41,1,5,43,14,15,6,3,Allen Park,MI,Wayne County,981902,1005,1964,0,0,0,0,0,0,0,0,0,123,626,216,88,690,221,3.5 mi,7 mins,3057
234,39.83663068,-83.08072682,25512,4,14,0,0,6,4,9,2,1,5,2,Grove City,OH,Franklin County,9751,2024,3090,783,599,184,135875,147,180,361,95,47.4,383,1112,76,336,1052,131,0.5 mi,3 mins,23528
235,40.22815059,-83.33699678,20117,5,13,0,70,4,4,5,0,0,0,2,Marysville,OH,Union County,50602,1041,1280,910,542,368,65515,338,381,191,0,36.4,72,397,146,138,327,200,1.5 mi,4 mins,42119
236,44.77059826,-85.47697494,23342,1,1,0,20,0,1,0,0,9,1,1,Williamsburg,MI,Grand Traverse County,550102,3047,2262,498,380,118,85983,122,219,120,37,45.5,111,710,221,236,712,272,31.7 mi,36 mins,14134
237,42.5098673,-83.04942131,37197,8,7,0,1,4,6,20,5,8,10,2,Warren,MI,Macomb County,261000,1022,1606,1233,646,587,69509,482,455,225,71,47.1,28,538,45,104,760,131,1.2 mi,3 mins,13783
239,41.69944996,-88.31054192,27198,9,41,3,34,1,5,5,8,2,3,2,Oswego,IL,Kendall County,890103,2010,1552,930,888,42,153063,42,391,384,113,33.5,93,503,147,88,485,236,12.6 mi,22 mins,
240,39.25101843,-84.6037783,21478,12,50,1,1445,16,4,6,30,2,0,5,Cincinnati,OH,Hamilton County,20701,1002,2949,184,91,93,0,92,25,67,0,40.5,209,850,297,184,1052,357,4.7 mi,8 mins,79410
241,39.86892051,-84.10329559,27061,4,3,1,18,0,4,1,0,1,7,5,Dayton,OH,Montgomery County,100102,2007,1275,620,412,208,71739,109,354,142,15,43,98,531,39,115,449,43,0.6 mi,3 mins,5619
242,42.72259905,-82.74123349,27339,5,2,1,0,0,4,3,0,0,0,2,Lenox,MI,Macomb County,218002,1022,941,523,377,146,51153,208,295,20,0,38.9,92,252,66,180,301,50,0.8 mi,3 mins,2316
244,43.01482642,-83.55250666,36351,3,8,0,151,0,4,3,4,2,0,3,Davison,MI,Genesee County,11611,2000,3354,516,283,233,43000,314,183,19,0,30.8,430,886,54,480,1404,100,0.7 mi,3 mins,6474
245,42.63873511,-83.74429665,26757,6,20,2,0,10,3,2,0,18,0,5,Hartland,MI,Livingston County,713100,2010,2123,738,407,331,91303,139,310,189,100,47.1,140,871,167,157,623,165,0.7 mi,3 mins,7107
246,39.84924555,-82.77722418,28556,2,6,0,0,6,1,5,1,2,0,2,Canal Winchester,OH,Fairfield County,33000,1027,1843,1008,762,246,96990,176,346,293,193,48.1,177,483,265,124,446,348,0.9 mi,4 mins,7912
247,40.08606269,-88.18734937,26112,4,7,2,10,7,3,18,4,4,6,6,Urbana,IL,Champaign County,5602,1005,2389,953,281,672,43074,570,159,152,72,30.5,44,1016,95,155,992,87,5.6 mi,13 mins,
248,43.21716682,-85.57921385,28854,5,12,0,0,1,3,1,0,0,0,2,Cedar Springs,MI,Kent County,10302,3041,1199,1025,738,287,91875,320,251,431,23,37.4,102,212,117,54,374,340,0.6 mi,2 mins,10001
249,40.2902389,-83.03184598,19487,4,3,0,10,3,2,3,2,0,1,5,Delaware,OH,Delaware County,12200,1000,1259,1135,622,513,70879,373,537,183,42,40.2,119,373,90,107,447,123,4.6 mi,10 mins,2706
250,45.02452013,-84.72333364,23673,5,3,0,0,0,4,4,0,0,1,3,Gaylord,MI,Otsego County,950300,1089,1654,902,490,412,34677,593,269,26,14,51.5,58,570,74,115,685,152,1.9 mi,5 mins,13096
251,42.02596364,-86.51614543,39272,8,12,1,0,0,7,1,0,0,0,1,Stevensville,MI,Berrien County,1400,3013,2416,667,411,256,84792,267,227,151,22,50.3,116,949,107,293,852,99,3.2 mi,6 mins,2091
253,42.77391533,-84.41764431,27494,4,2,1,0,2,4,4,0,5,3,0,East Lansing,MI,Clinton County,11106,1005,1370,632,379,253,67361,161,227,156,88,37.8,93,312,149,89,428,299,0.8 mi,5 mins,15522
254,42.84274961,-85.86413777,29153,8,9,0,0,0,10,0,0,2,0,5,Hudsonville,MI,Ottawa County,23001,2026,804,866,660,206,105000,138,282,381,65,30.8,18,120,227,35,157,247,14.7 mi,16 mins,1808
256,39.71272119,-86.38366177,27939,8,19,4,1,3,4,4,14,4,0,11,Plainfield,IN,Hendricks County,210802,4003,699,752,455,297,62279,222,208,141,181,35.7,34,285,33,36,263,48,6.9 mi,13 mins,2365
257,45.34676868,-84.96438835,27146,4,3,1,45,4,2,13,6,1,0,0,Petoskey,MI,Emmet County,970800,5015,535,713,371,342,39732,421,262,30,0,39,151,105,0,65,180,34,27.6 mi,32 mins,5952
258,37.73807385,-84.33374968,35456,5,16,0,133,11,6,2,1,2,0,1,Richmond,KY,Madison County,10702,3006,1828,234,167,67,109167,20,89,105,20,46.3,56,658,188,142,497,287,0.5 mi,3 mins,
259,42.96824312,-83.82682982,28676,5,7,1,0,22,5,1,4,0,0,3,Swartz Creek,MI,Genesee County,12702,1020,2655,758,509,249,59338,331,303,69,55,43.2,75,1760,119,135,328,238,0.8 mi,3 mins,8374
260,42.6434586,-83.20602459,23192,4,8,10,4,2,3,5,15,6,3,5,Rochester,MI,Oakland County,194500,2001,1353,0,0,0,0,0,0,0,0,0,112,500,91,47,422,181,2.7 mi,7 mins,24642
262,41.60472957,-87.79085086,20173,8,20,1,30,1,7,7,0,1,12,3,Orland Park,IL,Cook County,824508,1018,2510,667,346,321,61397,298,145,170,54,57.6,81,1014,191,267,660,297,5.1 mi,11 mins,
265,41.72463607,-87.68551938,19832,20,28,10,6,7,9,28,5,5,20,4,Evergreen Park,IL,Cook County,821600,3034,2164,997,615,382,74455,313,321,348,15,33.1,115,726,196,354,648,125,3.8 mi,13 mins,
266,41.55285106,-87.18101759,31343,7,12,0,0,1,4,3,0,4,7,3,Portage,IN,Porter County,50506,2010,822,690,488,202,91844,215,156,316,3,33.8,112,154,44,93,408,11,2.8 mi,7 mins,3916
267,41.26016968,-85.84124328,25460,4,13,0,0,0,4,5,3,3,4,6,Warsaw,IN,Kosciusko County,962000,3002,1462,551,351,200,50046,275,171,83,22,54.6,112,580,36,38,647,49,34.0 mi,44 mins,1690
268,42.44431634,-83.11923713,41264,13,11,3,6,21,9,23,11,49,2,2,Highland Park,MI,Wayne County,508000,2005,1038,0,0,0,0,0,0,0,0,0,41,424,37,93,407,36,2.5 mi,8 mins,5676
269,40.18762102,-87.62628859,34860,4,9,0,0,0,1,0,0,1,0,4,Danville,IL,Vermilion County,1200,1019,507,684,232,452,38289,412,193,66,13,63.1,0,170,105,0,128,104,6.5 mi,15 mins,
270,43.39830115,-84.66244093,34160,9,14,2,0,0,6,3,0,1,0,1,Alma,MI,Gratiot County,500,1006,1582,537,237,300,37150,405,108,24,0,53.6,0,431,225,106,434,386,1.2 mi,4 mins,2449
271,42.40650877,-86.25644744,22851,11,20,1,27,66,8,4,0,2,0,5,South Haven,MI,Van Buren County,10500,3036,1059,684,266,418,37989,439,95,150,0,62.3,86,483,26,61,362,41,3.1 mi,4 mins,3251
272,36.95645049,-86.43775717,24250,7,5,3,103,0,4,18,1,4,5,6,Bowling Green,KY,Warren County,10600,3012,2689,695,242,453,43505,413,179,85,18,44.8,64,997,285,126,928,289,3.0 mi,12 mins,
273,41.49946857,-87.8902725,26476,5,8,0,0,3,3,6,2,3,3,1,Frankfort,IL,Will County,883515,1023,614,546,454,92,146125,124,73,181,168,39.6,58,170,0,62,296,28,11.9 mi,19 mins,
274,43.31418444,-87.92193318,23284,8,4,1,0,1,2,3,0,0,0,6,Grafton,WI,Ozaukee County,640201,2010,1298,423,347,76,139972,110,40,175,98,39.6,130,432,132,107,408,89,1.1 mi,4 mins,
275,43.11025899,-88.24282885,20143,1,0,0,0,1,1,3,0,0,2,8,Pewaukee,WI,Waukesha County,203304,3001,1701,291,271,20,134925,22,27,178,64,36,235,507,172,101,435,251,3.3 mi,7 mins,
276,42.98611041,-88.21945741,19207,10,16,1,0,6,5,3,3,0,2,4,Waukesha,WI,Waukesha County,202103,1035,1599,846,528,318,100644,74,332,316,124,43.7,138,734,19,96,486,126,5.1 mi,13 mins,
277,43.07331142,-88.05083219,24463,7,32,7,17,8,2,23,55,26,5,6,Milwaukee,WI,Milwaukee County,90300,1007,1680,494,268,226,72500,179,141,151,23,35.5,132,387,179,108,695,179,2.4 mi,6 mins,
278,42.11068633,-83.28940068,29114,7,19,3,32,1,6,7,2,4,0,3,Flat Rock,MI,Wayne County,599001,2013,639,632,416,216,61458,192,266,104,70,38.5,12,117,175,0,171,164,5.4 mi,12 mins,8335
279,44.26685976,-86.29527868,20976,4,2,0,0,1,3,4,1,2,2,5,Manistee,MI,Manistee County,400,3026,826,438,293,145,43947,235,177,26,0,52.4,24,251,58,140,246,107,37.0 mi,43 mins,886
280,41.53050595,-87.71056583,23164,4,5,1,0,1,4,10,2,1,17,3,Flossmoor,IL,Cook County,829902,3042,971,941,763,178,92952,46,599,180,116,50.6,99,329,93,14,361,75,2.6 mi,6 mins,
281,42.36828081,-89.01144049,34605,6,12,0,0,10,2,6,0,2,1,2,Machesney Park,IL,Winnebago County,3805,2028,2355,1170,997,173,81413,280,420,399,71,41.5,206,848,201,217,631,252,6.9 mi,11 mins,
282,45.05880275,-83.47492318,24738,6,5,3,22,9,3,16,7,8,1,4,Alpena,MI,Alpena County,700,2000,1178,560,292,268,33906,360,153,47,0,48.9,99,863,14,17,89,96,79.4 mi,1 hour 26 mins,13567
283,42.89851314,-87.91480456,26073,9,25,4,46,6,6,9,0,3,10,15,Oak Creek,WI,Milwaukee County,160203,3010,1730,1177,473,704,56577,527,532,118,0,28.8,119,529,154,166,462,300,1.3 mi,5 mins,
284,42.56384538,-87.88524427,32299,5,16,1,0,2,3,10,1,6,10,6,Kenosha,WI,Kenosha County,2500,1007,2118,887,500,387,84896,277,297,206,107,48,222,625,97,233,885,56,3.7 mi,8 mins,
285,39.44255387,-87.32994989,27796,6,10,1,38,1,7,3,4,7,9,6,Terre Haute,IN,Vigo County,10602,1020,2212,1402,576,826,60682,558,436,334,74,30.9,239,787,160,146,781,99,0.8 mi,4 mins,1929
286,42.4120478,-83.25275099,33732,15,15,5,187,48,14,21,9,7,0,5,Detroit,MI,Wayne County,543200,2001,1542,168,84,84,39259,104,46,18,0,35.7,32,829,101,40,397,143,2.7 mi,8 mins,2380
287,38.00027328,-87.49571396,33755,4,19,1,0,19,3,15,3,6,2,9,Evansville,IN,Vanderburgh County,204,1003,816,592,216,376,36509,392,130,57,13,24.9,25,397,81,0,191,122,3.3 mi,8 mins,25343
288,37.75570761,-87.07564577,24524,4,13,2,76,0,0,7,3,0,0,4,Owensboro,KY,Daviess County,401,1000,1013,509,272,237,66152,110,256,95,48,30.7,31,410,57,113,326,76,0.4 mi,2 mins,
289,42.3815816,-88.06602661,30393,11,18,1,0,3,3,5,1,2,1,5,Round Lake Beach,IL,Lake County,861202,1031,1262,796,597,199,95697,229,213,255,99,38.2,9,527,87,118,374,147,7.5 mi,15 mins,
290,39.85338819,-86.12425445,26850,10,19,9,68,29,1,10,10,2,1,3,Indianapolis,IN,Marion County,321700,3017,1586,709,171,538,53125,345,121,216,27,52.3,66,496,44,220,707,53,4.6 mi,13 mins,5174
291,41.78654775,-85.42454648,26937,9,6,2,1,4,7,8,0,1,3,4,Sturgis,MI,St. Joseph County,40600,1011,1438,727,504,223,32457,456,184,87,0,34.5,121,497,117,125,461,117,2.3 mi,5 mins,4543
292,42.96125035,-87.98635487,33026,3,5,2,5,1,5,17,8,8,12,15,Milwaukee,WI,Milwaukee County,120400,3012,3628,541,311,230,78438,137,239,152,13,48.4,442,1374,59,433,1274,46,0.3 mi,2 mins,
293,46.46557575,-84.38770668,26208,8,5,0,0,1,5,6,2,8,4,3,Dafter,MI,Chippewa County,970500,3009,1698,270,163,107,45833,161,50,53,6,37.5,105,621,173,155,503,141,1.7 mi,5 mins,2005
294,45.7517359,-87.08671772,24364,14,31,5,146,8,12,12,10,2,0,4,Escanaba,MI,Delta County,970500,2036,1908,740,598,142,61591,309,236,155,40,57.7,88,659,65,107,849,140,61.4 mi,1 hour 12 mins,2111
295,39.5054775,-86.07334124,21220,2,9,1,0,4,3,4,0,1,0,4,Franklin,IN,Johnson County,610802,1060,2079,965,625,340,68384,331,433,201,0,29,141,806,191,144,532,265,10.9 mi,17 mins,105158
296,39.88538679,-85.93536867,32182,1,1,0,6,1,1,2,0,1,0,4,McCordsville,IN,Hancock County,410201,3035,1235,1129,784,345,85250,185,562,255,127,45,12,226,255,98,304,340,5.7 mi,11 mins,16860
297,41.472435,-87.01869004,34690,7,23,0,14,4,5,13,4,5,3,2,Valparaiso,IN,Porter County,51009,2035,1468,871,471,400,73029,235,371,241,24,34.9,134,387,120,183,504,140,0.6 mi,3 mins,20520
298,44.53476288,-88.07725997,23611,9,20,0,0,4,7,10,6,41,6,8,Green Bay,WI,Brown County,20502,2047,1842,430,363,67,50000,215,102,85,28,46.1,45,652,157,129,580,279,1.9 mi,4 mins,
299,43.39391989,-88.18457004,23507,10,16,2,0,5,4,6,3,1,1,4,West Bend,WI,Washington County,420107,3001,1495,328,206,122,78426,79,136,55,58,55.2,146,622,78,116,463,70,0.4 mi,2 mins,
300,44.3004716,-88.41900764,21603,6,16,2,23,14,6,37,8,16,15,2,Appleton,WI,Outagamie County,12505,3007,1977,470,355,115,102500,79,147,152,92,38.6,87,598,249,47,715,281,0.7 mi,2 mins,
301,41.15891845,-87.8473378,33051,6,23,1,1,7,4,15,0,1,2,5,Bradley,IL,Kankakee County,10702,1007,1760,1036,527,509,45500,548,290,198,0,33.7,103,528,258,214,423,234,8.2 mi,12 mins,
302,46.5531495,-87.47197682,33863,8,15,1,8,9,3,8,2,7,2,2,Marquette,MI,Marquette County,2901,2054,1061,510,337,173,75893,176,138,134,62,38,81,328,59,100,434,59,,,8195
303,42.94601187,-85.07771263,31871,6,8,4,0,2,3,4,0,0,0,4,Ionia,MI,Ionia County,31900,4017,1551,853,604,249,63963,263,350,220,20,42.3,104,420,72,142,599,214,4.5 mi,8 mins,998
304,44.0763568,-87.71135032,11817,10,16,0,8,11,9,5,1,4,1,3,Manitowoc,WI,Manitowoc County,600,5019,1869,669,308,361,61989,299,171,187,12,50.1,79,620,135,156,630,249,0.7 mi,2 mins,
305,43.7548105,-87.75377958,21668,8,8,0,1,4,6,13,5,2,0,6,Sheboygan,WI,Sheboygan County,400,2022,1131,887,432,455,57841,399,256,167,65,44.5,149,389,124,47,364,58,2.9 mi,6 mins,
306,42.4802319,-82.98892635,37327,13,6,3,14,2,9,21,7,11,0,5,Warren,MI,Macomb County,262700,2001,2435,786,532,254,71100,233,271,240,42,38.5,104,842,221,203,979,86,1.8 mi,6 mins,132636
307,41.15922717,-81.4048665,27359,9,25,2,1,4,4,9,8,5,2,6,Stow,OH,Summit County,530501,3004,2527,1154,686,468,68029,400,575,157,22,43.6,205,737,309,152,757,367,7.1 mi,17 mins,18603
308,41.46135672,-81.99171826,25661,3,2,0,0,1,3,8,20,1,2,5,Avon,OH,Lorain County,13101,1028,1361,720,487,233,90517,146,237,167,170,53.2,30,521,24,17,711,58,4.2 mi,8 mins,4937
309,41.67498289,-81.30949983,30856,6,24,0,3,1,4,12,24,6,0,6,Mentor,OH,Lake County,203500,4004,475,1070,902,168,95565,269,305,378,118,48.5,0,98,58,0,216,103,6.3 mi,12 mins,5766
310,43.47021728,-85.98143327,18204,5,7,0,0,0,3,2,0,0,0,2,Fremont,MI,Newaygo County,970400,1046,2085,528,433,95,68000,202,183,131,12,45.4,122,592,164,213,747,247,26.9 mi,32 mins,2663
311,42.91082469,-85.6291721,31659,5,1,3,0,1,2,9,15,2,6,9,Grand Rapids,MI,Kent County,4600,1000,433,916,618,298,44728,560,174,182,0,35.6,81,114,9,53,116,60,4.4 mi,9 mins,12235
312,43.03387798,-85.62811146,31279,7,21,2,1,1,8,10,2,4,2,3,Grand Rapids,MI,Kent County,11200,3002,2077,885,419,466,55911,395,318,172,0,37.8,53,832,95,119,824,154,1.0 mi,4 mins,6140
313,41.98505747,-88.71222881,20733,1,6,3,18,6,1,13,2,1,2,6,Sycamore,IL,Dekalb County,500,2042,1163,920,623,297,75556,263,305,305,47,36.4,9,415,125,37,340,237,6.5 mi,12 mins,
314,41.17600805,-85.08963169,0,7,21,0,15,14,8,13,1,3,18,10,Fort Wayne,IN,Allen County,10813,1016,1406,628,198,430,50106,312,269,47,0,32.8,83,473,125,130,452,143,4.6 mi,9 mins,22767
315,43.82590749,-83.00502043,13939,5,9,0,0,1,6,1,2,2,0,4,Bad Axe,MI,Huron County,951000,1005,1703,471,256,215,40208,289,122,60,0,51,44,530,118,79,679,253,63.1 mi,1 hour 15 mins,1920
316,42.29456555,-85.23587739,36306,3,4,5,47,1,2,3,1,5,1,6,Battle Creek,MI,Calhoun County,1500,1012,1469,497,421,76,110703,79,144,239,35,34,136,488,79,98,533,135,2.1 mi,4 mins,12932
317,41.10274641,-81.38457465,31443,6,9,0,0,4,3,5,1,4,0,4,Kent,OH,Portage County,601703,1024,1139,802,502,300,64322,239,388,175,0,41.1,10,388,109,34,341,257,0.5 mi,3 mins,5779
318,41.41991564,-82.21215148,27738,12,25,0,0,0,8,8,4,4,1,2,Lorain,OH,Lorain County,97202,2031,904,1176,963,213,84045,285,460,392,39,34.3,89,314,7,99,380,15,0.6 mi,3 mins,23321
319,40.04006979,-86.16279796,0,3,2,0,0,1,3,2,0,1,3,5,Westfield,IN,Hamilton County,110406,2002,1256,266,243,23,91167,41,108,110,7,28.9,78,381,99,49,407,242,1.5 mi,4 mins,4961
321,41.35651922,-81.68228138,0,8,18,1,0,0,6,5,0,2,4,6,Seven Hills,OH,Cuyahoga County,182106,2001,1550,415,273,142,75150,99,177,123,16,59.4,90,371,209,204,333,343,2.2 mi,6 mins,215
323,41.23620107,-81.82172665,0,7,29,8,34,1,7,7,1,1,0,1,Brunswick,OH,Medina County,416000,3004,2025,488,259,229,71944,160,153,160,15,36.3,176,742,196,162,576,173,3.2 mi,9 mins,25464
324,42.66846314,-84.54094176,43648,20,34,2,8,10,12,27,7,7,1,4,Lansing,MI,Ingham County,5304,1007,1762,368,212,156,76000,126,155,76,11,36.4,73,668,172,137,469,243,0.4 mi,2 mins,19315
325,40.84606978,-81.44248996,0,9,56,0,9,22,6,38,37,4,1,9,Canton,OH,Stark County,711322,2018,1628,650,263,387,38140,403,133,105,9,62,30,447,179,109,654,209,2.2 mi,8 mins,5364
326,44.27438681,-84.27483796,0,3,1,0,0,0,1,6,6,0,0,4,West Branch,MI,Ogemaw County,950200,3037,1742,552,420,132,75769,186,192,144,30,45.8,81,593,221,112,406,329,3.0 mi,8 mins,12492